Date,Percent per annum
11.02.21,-0.686214
10.02.21,-0.684624
09.02.21,-0.682457
08.02.21,-0.683788
05.02.21,-0.679098
04.02.21,-0.681872
03.02.21,-0.68349
02.02.21,-0.689971
01.02.21,-0.693484
29.01.21,-0.698633
28.01.21,-0.702609
27.01.21,-0.700251
26.01.21,-0.691308
25.01.21,-0.689736
22.01.21,-0.682232
21.01.21,-0.683238
20.01.21,-0.685584
19.01.21,-0.683599
18.01.21,-0.687443
15.01.21,-0.688459
14.01.21,-0.698254
13.01.21,-0.687661
12.01.21,-0.683075
11.01.21,-0.688109
08.01.21,-0.701726
07.01.21,-0.696786
06.01.21,-0.688591
05.01.21,-0.693923
04.01.21,-0.690398
30.12.20,-0.7606
29.12.20,-0.755971
28.12.20,-0.763813
23.12.20,-0.7434
22.12.20,-0.753653
21.12.20,-0.75438
18.12.20,-0.746473
17.12.20,-0.756188
16.12.20,-0.748875
15.12.20,-0.766986
14.12.20,-0.767057
11.12.20,-0.772006
10.12.20,-0.761162
09.12.20,-0.764965
08.12.20,-0.756027
07.12.20,-0.749759
04.12.20,-0.735887
03.12.20,-0.728194
02.12.20,-0.717922
01.12.20,-0.715361
30.11.20,-0.723741
27.11.20,-0.729444
26.11.20,-0.730278
25.11.20,-0.724757
24.11.20,-0.728928
23.11.20,-0.724381
20.11.20,-0.721267
19.11.20,-0.703333
18.11.20,-0.710847
17.11.20,-0.707192
16.11.20,-0.707224
13.11.20,-0.717697
12.11.20,-0.710099
11.11.20,-0.707864
10.11.20,-0.705737
09.11.20,-0.712089
06.11.20,-0.749907
05.11.20,-0.754039
04.11.20,-0.75813
03.11.20,-0.75257
02.11.20,-0.758203
30.10.20,-0.75225
29.10.20,-0.754353
28.10.20,-0.753066
27.10.20,-0.738993
26.10.20,-0.727765
23.10.20,-0.726137
22.10.20,-0.736328
21.10.20,-0.733268
20.10.20,-0.73868
19.10.20,-0.734581
16.10.20,-0.727239
15.10.20,-0.721844
14.10.20,-0.70345
13.10.20,-0.696775
12.10.20,-0.679494
09.10.20,-0.675873
08.10.20,-0.668003
07.10.20,-0.658266
06.10.20,-0.662001
05.10.20,-0.657743
02.10.20,-0.656146
01.10.20,-0.644379
30.09.20,-0.644058
29.09.20,-0.640088
28.09.20,-0.645286
25.09.20,-0.65456
24.09.20,-0.656258
23.09.20,-0.646956
22.09.20,-0.647503
21.09.20,-0.6483
18.09.20,-0.640469
17.09.20,-0.642322
16.09.20,-0.637612
15.09.20,-0.635135
14.09.20,-0.642857
11.09.20,-0.63942
10.09.20,-0.638079
09.09.20,-0.641193
08.09.20,-0.645214
07.09.20,-0.641789
04.09.20,-0.646476
03.09.20,-0.648798
02.09.20,-0.640062
01.09.20,-0.631165
31.08.20,-0.624605
28.08.20,-0.63748
27.08.20,-0.621176
26.08.20,-0.618211
25.08.20,-0.618386
24.08.20,-0.633759
21.08.20,-0.643685
20.08.20,-0.642358
19.08.20,-0.633329
18.08.20,-0.628751
17.08.20,-0.623531
14.08.20,-0.624618
13.08.20,-0.621009
12.08.20,-0.633521
11.08.20,-0.635064
10.08.20,-0.643715
07.08.20,-0.643788
06.08.20,-0.647837
05.08.20,-0.64859
04.08.20,-0.654177
03.08.20,-0.649244
31.07.20,-0.648684
30.07.20,-0.647808
29.07.20,-0.636615
28.07.20,-0.637567
27.07.20,-0.63392
24.07.20,-0.629561
23.07.20,-0.632698
22.07.20,-0.641228
21.07.20,-0.625154
20.07.20,-0.632177
17.07.20,-0.633852
16.07.20,-0.635178
15.07.20,-0.628488
14.07.20,-0.631899
13.07.20,-0.630621
10.07.20,-0.64445
09.07.20,-0.629922
08.07.20,-0.627112
07.07.20,-0.628799
06.07.20,-0.632476
03.07.20,-0.635538
02.07.20,-0.631745
01.07.20,-0.622067
30.06.20,-0.637002
29.06.20,-0.639875
26.06.20,-0.643379
25.06.20,-0.636927
24.06.20,-0.612285
23.06.20,-0.609976
22.06.20,-0.631441
19.06.20,-0.622614
18.06.20,-0.612978
17.06.20,-0.60596
16.06.20,-0.606363
15.06.20,-0.614575
12.06.20,-0.613605
11.06.20,-0.605448
10.06.20,-0.588017
09.06.20,-0.586366
08.06.20,-0.584051
05.06.20,-0.585584
04.06.20,-0.597233
03.06.20,-0.597673
02.06.20,-0.609131
01.06.20,-0.605612
29.05.20,-0.597569
28.05.20,-0.585882
27.05.20,-0.591177
26.05.20,-0.590265
25.05.20,-0.604496
22.05.20,-0.614402
21.05.20,-0.611773
20.05.20,-0.605767
19.05.20,-0.596249
18.05.20,-0.627222
15.05.20,-0.631389
14.05.20,-0.631228
13.05.20,-0.614035
12.05.20,-0.604469
11.05.20,-0.615613
08.05.20,-0.644318
07.05.20,-0.625497
06.05.20,-0.629612
05.05.20,-0.645707
04.05.20,-0.615908
30.04.20,-0.613036
29.04.20,-0.6221
28.04.20,-0.599962
27.04.20,-0.594386
24.04.20,-0.617841
23.04.20,-0.623491
22.04.20,-0.61779
21.04.20,-0.620908
20.04.20,-0.622443
17.04.20,-0.637312
16.04.20,-0.639393
15.04.20,-0.65252
14.04.20,-0.628814
09.04.20,-0.61832
08.04.20,-0.618553
07.04.20,-0.628554
06.04.20,-0.635303
03.04.20,-0.663836
02.04.20,-0.649504
01.04.20,-0.65119
31.03.20,-0.694821
30.03.20,-0.696221
27.03.20,-0.700886
26.03.20,-0.644396
25.03.20,-0.627382
24.03.20,-0.645934
23.03.20,-0.699649
20.03.20,-0.706478
19.03.20,-0.72748
18.03.20,-0.816483
17.03.20,-0.869172
16.03.20,-0.885551
13.03.20,-0.866117
12.03.20,-0.912983
11.03.20,-0.877126
10.03.20,-0.852322
09.03.20,-0.887656
06.03.20,-0.795588
05.03.20,-0.777001
04.03.20,-0.756167
03.03.20,-0.724882
02.03.20,-0.757201
28.02.20,-0.735743
27.02.20,-0.713712
26.02.20,-0.67424
25.02.20,-0.663188
24.02.20,-0.653552
21.02.20,-0.620695
20.02.20,-0.618815
19.02.20,-0.621458
18.02.20,-0.619945
17.02.20,-0.629966
14.02.20,-0.635119
13.02.20,-0.630675
12.02.20,-0.626569
11.02.20,-0.628511
10.02.20,-0.623613
07.02.20,-0.627817
06.02.20,-0.617091
05.02.20,-0.626974
04.02.20,-0.630527
03.02.20,-0.657141
31.01.20,-0.6534
30.01.20,-0.641248
29.01.20,-0.631917
28.01.20,-0.61943
27.01.20,-0.61644
24.01.20,-0.61215
23.01.20,-0.613649
22.01.20,-0.599449
21.01.20,-0.591209
20.01.20,-0.59588
17.01.20,-0.609044
16.01.20,-0.610152
15.01.20,-0.608064
14.01.20,-0.602282
13.01.20,-0.598258
10.01.20,-0.612534
09.01.20,-0.617632
08.01.20,-0.633612
07.01.20,-0.641443
06.01.20,-0.63758
03.01.20,-0.630324
02.01.20,-0.634844
30.12.19,-0.66071
27.12.19,-0.679331
23.12.19,-0.679865
20.12.19,-0.6638
19.12.19,-0.670892
18.12.19,-0.66989
17.12.19,-0.667758
16.12.19,-0.660428
13.12.19,-0.657289
12.12.19,-0.662165
11.12.19,-0.665278
10.12.19,-0.664554
09.12.19,-0.65497
06.12.19,-0.655483
05.12.19,-0.645536
04.12.19,-0.661359
03.12.19,-0.659302
02.12.19,-0.635279
29.11.19,-0.634678
28.11.19,-0.643996
27.11.19,-0.647274
26.11.19,-0.65022
25.11.19,-0.64651
22.11.19,-0.638756
21.11.19,-0.652271
20.11.19,-0.650001
19.11.19,-0.642341
18.11.19,-0.639018
15.11.19,-0.658645
14.11.19,-0.653234
13.11.19,-0.639034
12.11.19,-0.635309
11.11.19,-0.627864
08.11.19,-0.643783
07.11.19,-0.644183
06.11.19,-0.635613
05.11.19,-0.648842
04.11.19,-0.65852
01.11.19,-0.67752
31.10.19,-0.687181
30.10.19,-0.662818
29.10.19,-0.673546
28.10.19,-0.678399
25.10.19,-0.678739
24.10.19,-0.675968
23.10.19,-0.663899
22.10.19,-0.662655
21.10.19,-0.660495
18.10.19,-0.668313
17.10.19,-0.669886
16.10.19,-0.670786
15.10.19,-0.67999
14.10.19,-0.68556
11.10.19,-0.695685
10.10.19,-0.703969
09.10.19,-0.740323
08.10.19,-0.744429
07.10.19,-0.744851
04.10.19,-0.75066
03.10.19,-0.766189
02.10.19,-0.757306
01.10.19,-0.751627
30.09.19,-0.759257
27.09.19,-0.750763
26.09.19,-0.739622
25.09.19,-0.722154
24.09.19,-0.721726
23.09.19,-0.721007
20.09.19,-0.710987
19.09.19,-0.703384
18.09.19,-0.72663
17.09.19,-0.70715
16.09.19,-0.715487
13.09.19,-0.713668
12.09.19,-0.751344
11.09.19,-0.810428
10.09.19,-0.809607
09.09.19,-0.822729
06.09.19,-0.846078
05.09.19,-0.855565
04.09.19,-0.858317
03.09.19,-0.865812
02.09.19,-0.880365
30.08.19,-0.882467
29.08.19,-0.876702
28.08.19,-0.866138
27.08.19,-0.857468
26.08.19,-0.856056
23.08.19,-0.8505
22.08.19,-0.831514
21.08.19,-0.850222
20.08.19,-0.867107
19.08.19,-0.853515
16.08.19,-0.85769
15.08.19,-0.846312
14.08.19,-0.830057
13.08.19,-0.820994
12.08.19,-0.827675
09.08.19,-0.822411
08.08.19,-0.804931
07.08.19,-0.809379
06.08.19,-0.779376
05.08.19,-0.772688
02.08.19,-0.754907
01.08.19,-0.742734
31.07.19,-0.743844
30.07.19,-0.729674
29.07.19,-0.734404
26.07.19,-0.726149
25.07.19,-0.72903
24.07.19,-0.739799
23.07.19,-0.743561
22.07.19,-0.737876
19.07.19,-0.733938
18.07.19,-0.715215
17.07.19,-0.717987
16.07.19,-0.711868
15.07.19,-0.706043
12.07.19,-0.702729
11.07.19,-0.699817
10.07.19,-0.690565
09.07.19,-0.694228
08.07.19,-0.699519
05.07.19,-0.703048
04.07.19,-0.708831
03.07.19,-0.703969
02.07.19,-0.706207
01.07.19,-0.694262
28.06.19,-0.690687
27.06.19,-0.689139
26.06.19,-0.686286
25.06.19,-0.688203
24.06.19,-0.681826
21.06.19,-0.679211
20.06.19,-0.698526
19.06.19,-0.674097
18.06.19,-0.685273
17.06.19,-0.636138
14.06.19,-0.641173
13.06.19,-0.632833
12.06.19,-0.631693
11.06.19,-0.629056
10.06.19,-0.622798
07.06.19,-0.629939
06.06.19,-0.616751
05.06.19,-0.630663
04.06.19,-0.624901
03.06.19,-0.630152
31.05.19,-0.6417
30.05.19,-0.625215
29.05.19,-0.620078
28.05.19,-0.616439
27.05.19,-0.613249
24.05.19,-0.61208
23.05.19,-0.613621
22.05.19,-0.604079
21.05.19,-0.607257
20.05.19,-0.613448
17.05.19,-0.618401
16.05.19,-0.622099
15.05.19,-0.634163
14.05.19,-0.627494
13.05.19,-0.620568
10.05.19,-0.618915
09.05.19,-0.626058
08.05.19,-0.619226
07.05.19,-0.607901
06.05.19,-0.596237
03.05.19,-0.598881
02.05.19,-0.597546
30.04.19,-0.595395
29.04.19,-0.594069
26.04.19,-0.596788
25.04.19,-0.597626
24.04.19,-0.593814
23.04.19,-0.588117
18.04.19,-0.585141
17.04.19,-0.592595
16.04.19,-0.589386
15.04.19,-0.583867
12.04.19,-0.585269
11.04.19,-0.594125
10.04.19,-0.595839
09.04.19,-0.588743
08.04.19,-0.593988
05.04.19,-0.593837
04.04.19,-0.599622
03.04.19,-0.601467
02.04.19,-0.611699
01.04.19,-0.607146
29.03.19,-0.610297
28.03.19,-0.606023
27.03.19,-0.62238
26.03.19,-0.582255
25.03.19,-0.590235
22.03.19,-0.585628
21.03.19,-0.569641
20.03.19,-0.560979
19.03.19,-0.563284
18.03.19,-0.56344
15.03.19,-0.569475
14.03.19,-0.574112
13.03.19,-0.573161
12.03.19,-0.573161
11.03.19,-0.570534
08.03.19,-0.570652
07.03.19,-0.576632
06.03.19,-0.558525
05.03.19,-0.563554
04.03.19,-0.557622
01.03.19,-0.562844
28.02.19,-0.567277
27.02.19,-0.566782
26.02.19,-0.575007
25.02.19,-0.569725
22.02.19,-0.584865
21.02.19,-0.575983
20.02.19,-0.582989
19.02.19,-0.587885
18.02.19,-0.570046
15.02.19,-0.567228
14.02.19,-0.567445
13.02.19,-0.566331
12.02.19,-0.566237
11.02.19,-0.570225
08.02.19,-0.574138
07.02.19,-0.57787
06.02.19,-0.574079
05.02.19,-0.591553
04.02.19,-0.594155
01.02.19,-0.603776
31.01.19,-0.601981
30.01.19,-0.599895
29.01.19,-0.602972
28.01.19,-0.612966
25.01.19,-0.616687
24.01.19,-0.610638
23.01.19,-0.622024
22.01.19,-0.626595
21.01.19,-0.622438
18.01.19,-0.627832
17.01.19,-0.623077
16.01.19,-0.630611
15.01.19,-0.639868
14.01.19,-0.630235
11.01.19,-0.635164
10.01.19,-0.637779
09.01.19,-0.634994
08.01.19,-0.644449
07.01.19,-0.643783
04.01.19,-0.659218
03.01.19,-0.673208
02.01.19,-0.688424
28.12.18,-0.748986
27.12.18,-0.747759
21.12.18,-0.755688
20.12.18,-0.750549
19.12.18,-0.749415
18.12.18,-0.756896
17.12.18,-0.752742
14.12.18,-0.734273
13.12.18,-0.714997
12.12.18,-0.705511
11.12.18,-0.70799
10.12.18,-0.693909
07.12.18,-0.705786
06.12.18,-0.713395
05.12.18,-0.702107
04.12.18,-0.702993
03.12.18,-0.694167
30.11.18,-0.695103
29.11.18,-0.705935
28.11.18,-0.698943
27.11.18,-0.698208
26.11.18,-0.690841
23.11.18,-0.695815
22.11.18,-0.698949
21.11.18,-0.708331
20.11.18,-0.708767
19.11.18,-0.705052
16.11.18,-0.702863
15.11.18,-0.704916
14.11.18,-0.696777
13.11.18,-0.699609
12.11.18,-0.704418
09.11.18,-0.700607
08.11.18,-0.693444
07.11.18,-0.693089
06.11.18,-0.712856
05.11.18,-0.701524
02.11.18,-0.715974
01.11.18,-0.723392
31.10.18,-0.730937
30.10.18,-0.747224
29.10.18,-0.740918
26.10.18,-0.74528
25.10.18,-0.735702
24.10.18,-0.729739
23.10.18,-0.726487
22.10.18,-0.718423
19.10.18,-0.729713
18.10.18,-0.711133
17.10.18,-0.700983
16.10.18,-0.699776
15.10.18,-0.691815
12.10.18,-0.67426
11.10.18,-0.661292
10.10.18,-0.643335
09.10.18,-0.645182
08.10.18,-0.646548
05.10.18,-0.633884
04.10.18,-0.632584
03.10.18,-0.63631
02.10.18,-0.640669
01.10.18,-0.633026
28.09.18,-0.630101
27.09.18,-0.620028
26.09.18,-0.614376
25.09.18,-0.61739
24.09.18,-0.620044
21.09.18,-0.628775
20.09.18,-0.625059
19.09.18,-0.617384
18.09.18,-0.623046
17.09.18,-0.624305
14.09.18,-0.621936
13.09.18,-0.63046
12.09.18,-0.633137
11.09.18,-0.625495
10.09.18,-0.62544
07.09.18,-0.637603
06.09.18,-0.642215
05.09.18,-0.634709
04.09.18,-0.65199
03.09.18,-0.668029
31.08.18,-0.671035
30.08.18,-0.673293
29.08.18,-0.65082
28.08.18,-0.654301
27.08.18,-0.663719
24.08.18,-0.661029
23.08.18,-0.670783
22.08.18,-0.675783
21.08.18,-0.680845
20.08.18,-0.695049
17.08.18,-0.688657
16.08.18,-0.685574
15.08.18,-0.689447
14.08.18,-0.685527
13.08.18,-0.691312
10.08.18,-0.687078
09.08.18,-0.672288
08.08.18,-0.65494
07.08.18,-0.665154
06.08.18,-0.667126
03.08.18,-0.678503
02.08.18,-0.656835
01.08.18,-0.660263
31.07.18,-0.653104
30.07.18,-0.669809
27.07.18,-0.696875
26.07.18,-0.685138
25.07.18,-0.679871
24.07.18,-0.679335
23.07.18,-0.680789
20.07.18,-0.689599
19.07.18,-0.693839
18.07.18,-0.686146
17.07.18,-0.692529
16.07.18,-0.686565
13.07.18,-0.691167
12.07.18,-0.691349
11.07.18,-0.680032
10.07.18,-0.690279
09.07.18,-0.687577
06.07.18,-0.705254
05.07.18,-0.704845
04.07.18,-0.707696
03.07.18,-0.708186
02.07.18,-0.719157
29.06.18,-0.70795
28.06.18,-0.720385
27.06.18,-0.722493
26.06.18,-0.727407
25.06.18,-0.720261
22.06.18,-0.714935
21.06.18,-0.708946
20.06.18,-0.699614
19.06.18,-0.697919
18.06.18,-0.691456
15.06.18,-0.684813
14.06.18,-0.683569
13.06.18,-0.672005
12.06.18,-0.669803
11.06.18,-0.686678
08.06.18,-0.708253
07.06.18,-0.680709
06.06.18,-0.673362
05.06.18,-0.691534
04.06.18,-0.674684
01.06.18,-0.676069
31.05.18,-0.719417
30.05.18,-0.724922
29.05.18,-0.722636
28.05.18,-0.719471
25.05.18,-0.690233
24.05.18,-0.667393
23.05.18,-0.668259
22.05.18,-0.66338
21.05.18,-0.664673
18.05.18,-0.648662
17.05.18,-0.654213
16.05.18,-0.646528
15.05.18,-0.63756
14.05.18,-0.642374
11.05.18,-0.653163
10.05.18,-0.662346
09.05.18,-0.648508
08.05.18,-0.65257
07.05.18,-0.655199
04.05.18,-0.651842
03.05.18,-0.662349
02.05.18,-0.667665
30.04.18,-0.65942
27.04.18,-0.66699
26.04.18,-0.659838
25.04.18,-0.653543
24.04.18,-0.652183
23.04.18,-0.653983
20.04.18,-0.657938
19.04.18,-0.656826
18.04.18,-0.663997
17.04.18,-0.671855
16.04.18,-0.673924
13.04.18,-0.675527
12.04.18,-0.672974
11.04.18,-0.665351
10.04.18,-0.663962
09.04.18,-0.673529
06.04.18,-0.680928
05.04.18,-0.677706
04.04.18,-0.689405
03.04.18,-0.687276
29.03.18,-0.697544
28.03.18,-0.70003
27.03.18,-0.703261
26.03.18,-0.697686
23.03.18,-0.705379
22.03.18,-0.70846
21.03.18,-0.69123
20.03.18,-0.683033
19.03.18,-0.691335
16.03.18,-0.698511
15.03.18,-0.693485
14.03.18,-0.690417
13.03.18,-0.700009
12.03.18,-0.689366
09.03.18,-0.689511
08.03.18,-0.682677
07.03.18,-0.676799
06.03.18,-0.69025
05.03.18,-0.692454
02.03.18,-0.686607
01.03.18,-0.682654
28.02.18,-0.681066
27.02.18,-0.68379
26.02.18,-0.676937
23.02.18,-0.670312
22.02.18,-0.669295
21.02.18,-0.660773
20.02.18,-0.666179
19.02.18,-0.665947
16.02.18,-0.661385
15.02.18,-0.652912
14.02.18,-0.662334
13.02.18,-0.674382
12.02.18,-0.673638
09.02.18,-0.666875
08.02.18,-0.64408
07.02.18,-0.66182
06.02.18,-0.660002
05.02.18,-0.662064
02.02.18,-0.648974
01.02.18,-0.649746
31.01.18,-0.639447
30.01.18,-0.634641
29.01.18,-0.618942
26.01.18,-0.635813
25.01.18,-0.639297
24.01.18,-0.655322
23.01.18,-0.651204
22.01.18,-0.66185
19.01.18,-0.662531
18.01.18,-0.655532
17.01.18,-0.651773
16.01.18,-0.65132
15.01.18,-0.659004
12.01.18,-0.643394
11.01.18,-0.63088
10.01.18,-0.672545
09.01.18,-0.681156
08.01.18,-0.675209
05.01.18,-0.675266
04.01.18,-0.678375
03.01.18,-0.69693
02.01.18,-0.712228
29.12.17,-0.737874
28.12.17,-0.726626
27.12.17,-0.78274
22.12.17,-0.777337
21.12.17,-0.788454
20.12.17,-0.811416
19.12.17,-0.824989
18.12.17,-0.820556
15.12.17,-0.82513
14.12.17,-0.826882
13.12.17,-0.818551
12.12.17,-0.816801
11.12.17,-0.815269
08.12.17,-0.820284
07.12.17,-0.820062
06.12.17,-0.802069
05.12.17,-0.795474
04.12.17,-0.785179
01.12.17,-0.781438
30.11.17,-0.764806
29.11.17,-0.770753
28.11.17,-0.774263
27.11.17,-0.757876
24.11.17,-0.767914
23.11.17,-0.776053
22.11.17,-0.770672
21.11.17,-0.780149
20.11.17,-0.777944
17.11.17,-0.777432
16.11.17,-0.776196
15.11.17,-0.787631
14.11.17,-0.777656
13.11.17,-0.783052
10.11.17,-0.789651
09.11.17,-0.785622
08.11.17,-0.794182
07.11.17,-0.795053
06.11.17,-0.781843
03.11.17,-0.797681
02.11.17,-0.785128
01.11.17,-0.786149
31.10.17,-0.787721
30.10.17,-0.803173
27.10.17,-0.796159
26.10.17,-0.782323
25.10.17,-0.758527
24.10.17,-0.759917
23.10.17,-0.782637
20.10.17,-0.774451
19.10.17,-0.789702
18.10.17,-0.779914
17.10.17,-0.787778
16.10.17,-0.790239
13.10.17,-0.77715
12.10.17,-0.765988
11.10.17,-0.748876
10.10.17,-0.755407
09.10.17,-0.748262
06.10.17,-0.735618
05.10.17,-0.748013
04.10.17,-0.755724
03.10.17,-0.75739
02.10.17,-0.761406
29.09.17,-0.750836
28.09.17,-0.765734
27.09.17,-0.757494
26.09.17,-0.768193
25.09.17,-0.733234
22.09.17,-0.754317
21.09.17,-0.752025
20.09.17,-0.747253
19.09.17,-0.742657
18.09.17,-0.749184
15.09.17,-0.739234
14.09.17,-0.75879
13.09.17,-0.754685
12.09.17,-0.765689
11.09.17,-0.778495
08.09.17,-0.783275
07.09.17,-0.779253
06.09.17,-0.76659
05.09.17,-0.778813
04.09.17,-0.760967
01.09.17,-0.748843
31.08.17,-0.766048
30.08.17,-0.754572
29.08.17,-0.759834
28.08.17,-0.753966
25.08.17,-0.748932
24.08.17,-0.749711
23.08.17,-0.746325
22.08.17,-0.731537
21.08.17,-0.731747
18.08.17,-0.728753
17.08.17,-0.712694
16.08.17,-0.722361
15.08.17,-0.726713
14.08.17,-0.733191
11.08.17,-0.726905
10.08.17,-0.707242
09.08.17,-0.709688
08.08.17,-0.701547
07.08.17,-0.707318
04.08.17,-0.717076
03.08.17,-0.709976
02.08.17,-0.703521
01.08.17,-0.687928
31.07.17,-0.709923
28.07.17,-0.701455
27.07.17,-0.706834
26.07.17,-0.703875
25.07.17,-0.700868
24.07.17,-0.698285
21.07.17,-0.698686
20.07.17,-0.701759
19.07.17,-0.69854
18.07.17,-0.698156
17.07.17,-0.692422
14.07.17,-0.693302
13.07.17,-0.690928
12.07.17,-0.675504
11.07.17,-0.665831
10.07.17,-0.663471
07.07.17,-0.665656
06.07.17,-0.659296
05.07.17,-0.653008
04.07.17,-0.674353
03.07.17,-0.664346
30.06.17,-0.652626
29.06.17,-0.663909
28.06.17,-0.663433
27.06.17,-0.660377
26.06.17,-0.684275
23.06.17,-0.679051
22.06.17,-0.688571
21.06.17,-0.684455
20.06.17,-0.687997
19.06.17,-0.689756
16.06.17,-0.704961
15.06.17,-0.67459
14.06.17,-0.724486
13.06.17,-0.724097
12.06.17,-0.754032
09.06.17,-0.755009
08.06.17,-0.748708
07.06.17,-0.758923
06.06.17,-0.750941
05.06.17,-0.737524
02.06.17,-0.755807
01.06.17,-0.743474
31.05.17,-0.740429
30.05.17,-0.743661
29.05.17,-0.735765
26.05.17,-0.718198
25.05.17,-0.714986
24.05.17,-0.703714
23.05.17,-0.685971
22.05.17,-0.706539
19.05.17,-0.694222
18.05.17,-0.715465
17.05.17,-0.71389
16.05.17,-0.699359
15.05.17,-0.723831
12.05.17,-0.747144
11.05.17,-0.730906
10.05.17,-0.742006
09.05.17,-0.716217
08.05.17,-0.729529
05.05.17,-0.736603
04.05.17,-0.770977
03.05.17,-0.771993
02.05.17,-0.77349
28.04.17,-0.767143
27.04.17,-0.771133
26.04.17,-0.754992
25.04.17,-0.75177
24.04.17,-0.742047
21.04.17,-0.808445
20.04.17,-0.791467
19.04.17,-0.815472
18.04.17,-0.826643
13.04.17,-0.834835
12.04.17,-0.823738
11.04.17,-0.827701
10.04.17,-0.816822
07.04.17,-0.809507
06.04.17,-0.798507
05.04.17,-0.813854
04.04.17,-0.79964
03.04.17,-0.780192
31.03.17,-0.743541
30.03.17,-0.768063
29.03.17,-0.803288
28.03.17,-0.781527
27.03.17,-0.783802
24.03.17,-0.800076
23.03.17,-0.815327
22.03.17,-0.827612
21.03.17,-0.806974
20.03.17,-0.820857
17.03.17,-0.855004
16.03.17,-0.858116
15.03.17,-0.881208
14.03.17,-0.87236
13.03.17,-0.891805
10.03.17,-0.907851
09.03.17,-0.901264
08.03.17,-0.89175
07.03.17,-0.895546
06.03.17,-0.863521
03.03.17,-0.860956
02.03.17,-0.871371
01.03.17,-0.858996
28.02.17,-0.881034
27.02.17,-0.902865
24.02.17,-0.904369
23.02.17,-0.871394
22.02.17,-0.874594
21.02.17,-0.842497
20.02.17,-0.833805
17.02.17,-0.814013
16.02.17,-0.799675
15.02.17,-0.793474
14.02.17,-0.797054
13.02.17,-0.793563
10.02.17,-0.776355
09.02.17,-0.786509
08.02.17,-0.793733
07.02.17,-0.761953
06.02.17,-0.768145
03.02.17,-0.768006
02.02.17,-0.758098
01.02.17,-0.722582
31.01.17,-0.70255
30.01.17,-0.686601
27.01.17,-0.660174
26.01.17,-0.661498
25.01.17,-0.64568
24.01.17,-0.660539
23.01.17,-0.652406
20.01.17,-0.723828
19.01.17,-0.746078
18.01.17,-0.739688
17.01.17,-0.751563
16.01.17,-0.754413
13.01.17,-0.775024
12.01.17,-0.767203
11.01.17,-0.762972
10.01.17,-0.772781
09.01.17,-0.751347
06.01.17,-0.748755
05.01.17,-0.770749
04.01.17,-0.792114
03.01.17,-0.778623
02.01.17,-0.79053
30.12.16,-0.822444
29.12.16,-0.834485
28.12.16,-0.846919
27.12.16,-0.836961
23.12.16,-0.836306
22.12.16,-0.819984
21.12.16,-0.798751
20.12.16,-0.798267
19.12.16,-0.78089
16.12.16,-0.796256
15.12.16,-0.770923
14.12.16,-0.742535
13.12.16,-0.762237
12.12.16,-0.791022
09.12.16,-0.797781
08.12.16,-0.77372
07.12.16,-0.767006
06.12.16,-0.778754
05.12.16,-0.779228
02.12.16,-0.797736
01.12.16,-0.797584
30.11.16,-0.795554
29.11.16,-0.802319
28.11.16,-0.798652
25.11.16,-0.795976
24.11.16,-0.785543
23.11.16,-0.762316
22.11.16,-0.77904
21.11.16,-0.756082
18.11.16,-0.751928
17.11.16,-0.731366
16.11.16,-0.740696
15.11.16,-0.741206
14.11.16,-0.743417
11.11.16,-0.744166
10.11.16,-0.753707
09.11.16,-0.757883
08.11.16,-0.743635
07.11.16,-0.741747
04.11.16,-0.745698
03.11.16,-0.735226
02.11.16,-0.703752
01.11.16,-0.702304
31.10.16,-0.740973
28.10.16,-0.73982
27.10.16,-0.736092
26.10.16,-0.737049
25.10.16,-0.740956
24.10.16,-0.735268
21.10.16,-0.741193
20.10.16,-0.752107
19.10.16,-0.736552
18.10.16,-0.744734
17.10.16,-0.726688
14.10.16,-0.732629
13.10.16,-0.736762
12.10.16,-0.728407
11.10.16,-0.721751
10.10.16,-0.729482
07.10.16,-0.738684
06.10.16,-0.733582
05.10.16,-0.729276
04.10.16,-0.725634
03.10.16,-0.724805
30.09.16,-0.72178
29.09.16,-0.72605
28.09.16,-0.721464
27.09.16,-0.70778
26.09.16,-0.684602
23.09.16,-0.675909
22.09.16,-0.661597
21.09.16,-0.65372
20.09.16,-0.647061
19.09.16,-0.644268
16.09.16,-0.648231
15.09.16,-0.643954
14.09.16,-0.644139
13.09.16,-0.633677
12.09.16,-0.629546
09.09.16,-0.637629
08.09.16,-0.647721
07.09.16,-0.663734
06.09.16,-0.655338
05.09.16,-0.643977
02.09.16,-0.646188
01.09.16,-0.640324
31.08.16,-0.643433
30.08.16,-0.639549
29.08.16,-0.637468
26.08.16,-0.629813
25.08.16,-0.635439
24.08.16,-0.639261
23.08.16,-0.643045
22.08.16,-0.637951
19.08.16,-0.629172
18.08.16,-0.633965
17.08.16,-0.639861
16.08.16,-0.631902
15.08.16,-0.633385
12.08.16,-0.644039
11.08.16,-0.636495
10.08.16,-0.643647
09.08.16,-0.640569
08.08.16,-0.641331
05.08.16,-0.641076
04.08.16,-0.638646
03.08.16,-0.636598
02.08.16,-0.634353
01.08.16,-0.635314
29.07.16,-0.638916
28.07.16,-0.644523
27.07.16,-0.643529
26.07.16,-0.625886
25.07.16,-0.631629
22.07.16,-0.631379
21.07.16,-0.636035
20.07.16,-0.64038
19.07.16,-0.648511
18.07.16,-0.653492
15.07.16,-0.655173
14.07.16,-0.65675
13.07.16,-0.666224
12.07.16,-0.65823
11.07.16,-0.671815
08.07.16,-0.673689
07.07.16,-0.67425
06.07.16,-0.676654
05.07.16,-0.650635
04.07.16,-0.656272
01.07.16,-0.65201
30.06.16,-0.649074
29.06.16,-0.640866
28.06.16,-0.628501
27.06.16,-0.625443
24.06.16,-0.636974
23.06.16,-0.568002
22.06.16,-0.571434
21.06.16,-0.571812
20.06.16,-0.570248
17.06.16,-0.583089
16.06.16,-0.584158
15.06.16,-0.577278
14.06.16,-0.574616
13.06.16,-0.560223
10.06.16,-0.562957
09.06.16,-0.564638
08.06.16,-0.554622
07.06.16,-0.554021
06.06.16,-0.559712
03.06.16,-0.553725
02.06.16,-0.549601
01.06.16,-0.550175
31.05.16,-0.538703
30.05.16,-0.541394
27.05.16,-0.551166
26.05.16,-0.554809
25.05.16,-0.550372
24.05.16,-0.544198
23.05.16,-0.5396
20.05.16,-0.53818
19.05.16,-0.537515
18.05.16,-0.538724
17.05.16,-0.532608
16.05.16,-0.532754
13.05.16,-0.533063
12.05.16,-0.532201
11.05.16,-0.526856
10.05.16,-0.524496
09.05.16,-0.524216
06.05.16,-0.525526
05.05.16,-0.521752
04.05.16,-0.521078
03.05.16,-0.517171
02.05.16,-0.509217
29.04.16,-0.518085
28.04.16,-0.53082
27.04.16,-0.525261
26.04.16,-0.520353
25.04.16,-0.522389
22.04.16,-0.520165
21.04.16,-0.514791
20.04.16,-0.521539
19.04.16,-0.52569
18.04.16,-0.52012
15.04.16,-0.519251
14.04.16,-0.508988
13.04.16,-0.512722
12.04.16,-0.508391
11.04.16,-0.50084
08.04.16,-0.507525
07.04.16,-0.497821
06.04.16,-0.489456
05.04.16,-0.482601
04.04.16,-0.479808
01.04.16,-0.483781
31.03.16,-0.485655
30.03.16,-0.484104
29.03.16,-0.488539
24.03.16,-0.477216
23.03.16,-0.478729
22.03.16,-0.475403
21.03.16,-0.472499
18.03.16,-0.479809
17.03.16,-0.462999
16.03.16,-0.456715
15.03.16,-0.457263
14.03.16,-0.457164
11.03.16,-0.451413
10.03.16,-0.485286
09.03.16,-0.497253
08.03.16,-0.511662
07.03.16,-0.496088
04.03.16,-0.509017
03.03.16,-0.518564
02.03.16,-0.503896
01.03.16,-0.515471
29.02.16,-0.510551
26.02.16,-0.503962
25.02.16,-0.489518
24.02.16,-0.482882
23.02.16,-0.480984
22.02.16,-0.488115
19.02.16,-0.490351
18.02.16,-0.479227
17.02.16,-0.472371
16.02.16,-0.470233
15.02.16,-0.477785
12.02.16,-0.485421
11.02.16,-0.502297
10.02.16,-0.480706
09.02.16,-0.485457
08.02.16,-0.477497
05.02.16,-0.459241
04.02.16,-0.458484
03.02.16,-0.452116
02.02.16,-0.44413
01.02.16,-0.439866
29.01.16,-0.450797
28.01.16,-0.428203
27.01.16,-0.423305
26.01.16,-0.435537
25.01.16,-0.431902
22.01.16,-0.432537
21.01.16,-0.442598
20.01.16,-0.411889
19.01.16,-0.398912
18.01.16,-0.415988
15.01.16,-0.419042
14.01.16,-0.421408
13.01.16,-0.42111
12.01.16,-0.427354
11.01.16,-0.428018
08.01.16,-0.43544
07.01.16,-0.425467
06.01.16,-0.424328
05.01.16,-0.414486
04.01.16,-0.410613
30.12.15,-0.396811
29.12.15,-0.387029
28.12.15,-0.379299
23.12.15,-0.382248
22.12.15,-0.377962
21.12.15,-0.383082
18.12.15,-0.380793
17.12.15,-0.378311
16.12.15,-0.359697
15.12.15,-0.352012
14.12.15,-0.347371
11.12.15,-0.356973
10.12.15,-0.344165
09.12.15,-0.337676
08.12.15,-0.329388
07.12.15,-0.316162
04.12.15,-0.314571
03.12.15,-0.324892
02.12.15,-0.417867
01.12.15,-0.42298
30.11.15,-0.403232
27.11.15,-0.402203
26.11.15,-0.403354
25.11.15,-0.403151
24.11.15,-0.367619
23.11.15,-0.3789
20.11.15,-0.375007
19.11.15,-0.356231
18.11.15,-0.362952
17.11.15,-0.368832
16.11.15,-0.362863
13.11.15,-0.369608
12.11.15,-0.345371
11.11.15,-0.34667
10.11.15,-0.338375
09.11.15,-0.330455
06.11.15,-0.326376
05.11.15,-0.330286
04.11.15,-0.335509
03.11.15,-0.326178
02.11.15,-0.319086
30.10.15,-0.329809
29.10.15,-0.337877
28.10.15,-0.344862
27.10.15,-0.351439
26.10.15,-0.338304
23.10.15,-0.325847
22.10.15,-0.345102
21.10.15,-0.286188
20.10.15,-0.271443
19.10.15,-0.28762
16.10.15,-0.299142
15.10.15,-0.295262
14.10.15,-0.27473
13.10.15,-0.280369
12.10.15,-0.285224
09.10.15,-0.282489
08.10.15,-0.283413
07.10.15,-0.275152
06.10.15,-0.26543
05.10.15,-0.280206
02.10.15,-0.29141
01.10.15,-0.284793
30.09.15,-0.270506
29.09.15,-0.318722
28.09.15,-0.297619
25.09.15,-0.288351
24.09.15,-0.280463
23.09.15,-0.291731
22.09.15,-0.295029
21.09.15,-0.280617
18.09.15,-0.287944
17.09.15,-0.266476
16.09.15,-0.278347
15.09.15,-0.280303
14.09.15,-0.273042
11.09.15,-0.276514
10.09.15,-0.276942
09.09.15,-0.272225
08.09.15,-0.271956
07.09.15,-0.276097
04.09.15,-0.288641
03.09.15,-0.283637
02.09.15,-0.27589
01.09.15,-0.271593
31.08.15,-0.26515
28.08.15,-0.270264
27.08.15,-0.269274
26.08.15,-0.265171
25.08.15,-0.275647
24.08.15,-0.275292
21.08.15,-0.280048
20.08.15,-0.284626
19.08.15,-0.275252
18.08.15,-0.279151
17.08.15,-0.291928
14.08.15,-0.292429
13.08.15,-0.295861
12.08.15,-0.299461
11.08.15,-0.293838
10.08.15,-0.298127
07.08.15,-0.300096
06.08.15,-0.283667
05.08.15,-0.281442
04.08.15,-0.284263
03.08.15,-0.284081
31.07.15,-0.290629
30.07.15,-0.289
29.07.15,-0.284086
28.07.15,-0.284939
27.07.15,-0.275956
24.07.15,-0.27895
23.07.15,-0.273431
22.07.15,-0.278697
21.07.15,-0.278527
20.07.15,-0.276962
17.07.15,-0.290028
16.07.15,-0.284214
15.07.15,-0.288702
14.07.15,-0.286857
13.07.15,-0.283043
10.07.15,-0.286247
09.07.15,-0.265307
08.07.15,-0.281412
07.07.15,-0.270342
06.07.15,-0.284066
03.07.15,-0.271
02.07.15,-0.270539
01.07.15,-0.256514
30.06.15,-0.258849
29.06.15,-0.25072
26.06.15,-0.246092
25.06.15,-0.240944
24.06.15,-0.244859
23.06.15,-0.23992
22.06.15,-0.232477
19.06.15,-0.242277
18.06.15,-0.250478
17.06.15,-0.227584
16.06.15,-0.236227
15.06.15,-0.23935
12.06.15,-0.238458
11.06.15,-0.239865
10.06.15,-0.225621
09.06.15,-0.224499
08.06.15,-0.23498
05.06.15,-0.242546
04.06.15,-0.250112
03.06.15,-0.222506
02.06.15,-0.245186
01.06.15,-0.252854
29.05.15,-0.245578
28.05.15,-0.260867
27.05.15,-0.238559
26.05.15,-0.257193
25.05.15,-0.255181
22.05.15,-0.254506
21.05.15,-0.259799
20.05.15,-0.254276
19.05.15,-0.24602
18.05.15,-0.243889
15.05.15,-0.237638
14.05.15,-0.244603
13.05.15,-0.246343
12.05.15,-0.254246
11.05.15,-0.260871
08.05.15,-0.26563
07.05.15,-0.271318
06.05.15,-0.271804
05.05.15,-0.275643
04.05.15,-0.266267
30.04.15,-0.258792
29.04.15,-0.271829
28.04.15,-0.284592
27.04.15,-0.274917
24.04.15,-0.269415
23.04.15,-0.276641
22.04.15,-0.283918
21.04.15,-0.289373
20.04.15,-0.281621
17.04.15,-0.291479
16.04.15,-0.295467
15.04.15,-0.282658
14.04.15,-0.273773
13.04.15,-0.263027
10.04.15,-0.277668
09.04.15,-0.269753
08.04.15,-0.291163
07.04.15,-0.260119
02.04.15,-0.25413
01.04.15,-0.248645
31.03.15,-0.248743
30.03.15,-0.246054
27.03.15,-0.259004
26.03.15,-0.249507
25.03.15,-0.241578
24.03.15,-0.238064
23.03.15,-0.235225
20.03.15,-0.238273
19.03.15,-0.253505
18.03.15,-0.226305
17.03.15,-0.207834
16.03.15,-0.237618
13.03.15,-0.247559
12.03.15,-0.234406
11.03.15,-0.230668
10.03.15,-0.221198
09.03.15,-0.215871
06.03.15,-0.226101
05.03.15,-0.211682
04.03.15,-0.212223
03.03.15,-0.229186
02.03.15,-0.225042
27.02.15,-0.246645
26.02.15,-0.231838
25.02.15,-0.213613
24.02.15,-0.218373
23.02.15,-0.202266
20.02.15,-0.20314
19.02.15,-0.202836
18.02.15,-0.201361
17.02.15,-0.2026
16.02.15,-0.198534
13.02.15,-0.192399
12.02.15,-0.211804
11.02.15,-0.205209
10.02.15,-0.20654
09.02.15,-0.198934
06.02.15,-0.20336
05.02.15,-0.20362
04.02.15,-0.204522
03.02.15,-0.194893
02.02.15,-0.190844
30.01.15,-0.183657
29.01.15,-0.184275
28.01.15,-0.178971
27.01.15,-0.168865
26.01.15,-0.172409
23.01.15,-0.186998
22.01.15,-0.189962
21.01.15,-0.181616
20.01.15,-0.112374
19.01.15,-0.122952
16.01.15,-0.120271
15.01.15,-0.118987
14.01.15,-0.101325
13.01.15,-0.101523
12.01.15,-0.099623
09.01.15,-0.101037
08.01.15,-0.094902
07.01.15,-0.091803
06.01.15,-0.081262
05.01.15,-0.08687
02.01.15,-0.088973
31.12.14,-0.090489
30.12.14,-0.088695
29.12.14,-0.082859
24.12.14,-0.079399
23.12.14,-0.07768
22.12.14,-0.075852
19.12.14,-0.074444
18.12.14,-0.07034
17.12.14,-0.065572
16.12.14,-0.062055
15.12.14,-0.060934
12.12.14,-0.062053
11.12.14,-0.059889
10.12.14,-0.059327
09.12.14,-0.060483
08.12.14,-0.062455
05.12.14,-0.05971
04.12.14,-0.061988
03.12.14,-0.062722
02.12.14,-0.055646
01.12.14,-0.058105
28.11.14,-0.063317
27.11.14,-0.069281
26.11.14,-0.06828
25.11.14,-0.069856
24.11.14,-0.069769
21.11.14,-0.068025
20.11.14,-0.061491
19.11.14,-0.056417
18.11.14,-0.07376
17.11.14,-0.072696
14.11.14,-0.079054
13.11.14,-0.078145
12.11.14,-0.079698
11.11.14,-0.078429
10.11.14,-0.080006
07.11.14,-0.083884
06.11.14,-0.083034
05.11.14,-0.079791
04.11.14,-0.076397
03.11.14,-0.078551
31.10.14,-0.081477
30.10.14,-0.079193
29.10.14,-0.069439
28.10.14,-0.071832
27.10.14,-0.068381
24.10.14,-0.072656
23.10.14,-0.072355
22.10.14,-0.070963
21.10.14,-0.072412
20.10.14,-0.076448
17.10.14,-0.071037
16.10.14,-0.074041
15.10.14,-0.086767
14.10.14,-0.083011
13.10.14,-0.076665
10.10.14,-0.085569
09.10.14,-0.094449
08.10.14,-0.086755
07.10.14,-0.088234
06.10.14,-0.0878
03.10.14,-0.082864
02.10.14,-0.094007
01.10.14,-0.099017
30.09.14,-0.094943
29.09.14,-0.092815
26.09.14,-0.094791
25.09.14,-0.092072
24.09.14,-0.084355
23.09.14,-0.077006
22.09.14,-0.093669
19.09.14,-0.091515
18.09.14,-0.083064
17.09.14,-0.096117
16.09.14,-0.084026
15.09.14,-0.094391
12.09.14,-0.08645
11.09.14,-0.096406
10.09.14,-0.09367
09.09.14,-0.099594
08.09.14,-0.10041
05.09.14,-0.099851
04.09.14,-0.097432
03.09.14,-0.049061
02.09.14,-0.057943
01.09.14,-0.062481
29.08.14,-0.055359
28.08.14,-0.050136
27.08.14,-0.056919
26.08.14,-0.053161
25.08.14,-0.063507
22.08.14,-0.030002
21.08.14,-0.036285
20.08.14,-0.039752
19.08.14,-0.032905
18.08.14,-0.029895
15.08.14,-0.026669
14.08.14,-0.025314
13.08.14,-0.026674
12.08.14,-0.031032
11.08.14,-0.031333
08.08.14,-0.02711
07.08.14,-0.02277
06.08.14,-0.03329
05.08.14,-0.01469
04.08.14,-0.017813
01.08.14,-0.026581
31.07.14,-0.017955
30.07.14,-0.022033
29.07.14,-0.021728
28.07.14,-0.019547
25.07.14,-0.025699
24.07.14,-0.018477
23.07.14,-0.014158
22.07.14,-0.016147
21.07.14,-0.018844
18.07.14,-0.015002
17.07.14,-0.02796
16.07.14,-0.017778
15.07.14,-0.024538
14.07.14,-0.014512
11.07.14,-0.023098
10.07.14,-0.021259
09.07.14,-0.018836
08.07.14,-0.019695
07.07.14,-0.015286
04.07.14,-0.01815
03.07.14,-0.017479
02.07.14,-0.008206
01.07.14,-0.015588
30.06.14,-0.009091
27.06.14,-0.012624
26.06.14,-0.020454
25.06.14,-0.017058
24.06.14,-0.015973
23.06.14,-0.018771
20.06.14,-0.006619
19.06.14,-0.014586
18.06.14,-0.014199
17.06.14,-0.00742
16.06.14,-0.017439
13.06.14,-0.020942
12.06.14,-0.010805
11.06.14,-0.004747
10.06.14,0.005172
09.06.14,0.013183
06.06.14,0.019365
05.06.14,0.00733
04.06.14,0.01127
03.06.14,0.032177
02.06.14,0.024969
30.05.14,0.03094
29.05.14,0.024191
28.05.14,0.024066
27.05.14,0.034662
26.05.14,0.028951
23.05.14,0.043063
22.05.14,0.040302
21.05.14,0.059377
20.05.14,0.056988
19.05.14,0.048227
16.05.14,0.059544
15.05.14,0.049893
14.05.14,0.063397
13.05.14,0.07666
12.05.14,0.090581
09.05.14,0.078248
08.05.14,0.086066
07.05.14,0.104777
06.05.14,0.10769
05.05.14,0.089926
02.05.14,0.092405
30.04.14,0.09431
29.04.14,0.100481
28.04.14,0.122964
25.04.14,0.118471
24.04.14,0.125545
23.04.14,0.123878
22.04.14,0.113322
17.04.14,0.097234
16.04.14,0.097225
15.04.14,0.103782
14.04.14,0.108301
11.04.14,0.109209
10.04.14,0.105106
09.04.14,0.114528
08.04.14,0.115924
07.04.14,0.109532
04.04.14,0.12175
03.04.14,0.129999
02.04.14,0.124983
01.04.14,0.117115
31.03.14,0.111933
28.03.14,0.101854
27.03.14,0.100279
26.03.14,0.113806
25.03.14,0.12538
24.03.14,0.145112
21.03.14,0.156286
20.03.14,0.152982
19.03.14,0.128867
18.03.14,0.129663
17.03.14,0.118951
14.03.14,0.105139
13.03.14,0.112279
12.03.14,0.113997
11.03.14,0.120868
10.03.14,0.125285
07.03.14,0.122528
06.03.14,0.10262
05.03.14,0.06696
04.03.14,0.067589
03.03.14,0.078629
28.02.14,0.087182
27.02.14,0.055187
26.02.14,0.066027
25.02.14,0.078195
24.02.14,0.071051
21.02.14,0.063925
20.02.14,0.05937
19.02.14,0.057264
18.02.14,0.065413
17.02.14,0.058162
14.02.14,0.056076
13.02.14,0.051757
12.02.14,0.058065
11.02.14,0.062776
10.02.14,0.062733
07.02.14,0.06091
06.02.14,0.078677
05.02.14,0.048727
04.02.14,0.045467
03.02.14,0.045296
31.01.14,0.037111
30.01.14,0.067742
29.01.14,0.079349
28.01.14,0.087681
27.01.14,0.094261
24.01.14,0.07937
23.01.14,0.09837
22.01.14,0.100773
21.01.14,0.098473
20.01.14,0.10633
17.01.14,0.099589
16.01.14,0.112589
15.01.14,0.120389
14.01.14,0.107032
13.01.14,0.091689
10.01.14,0.096285
09.01.14,0.106603
08.01.14,0.105363
07.01.14,0.105697
06.01.14,0.100561
03.01.14,0.099099
02.01.14,0.106865
31.12.13,0.094158
30.12.13,0.09953
27.12.13,0.121286
24.12.13,0.113644
23.12.13,0.114635
20.12.13,0.128781
19.12.13,0.126123
18.12.13,0.138643
17.12.13,0.144389
16.12.13,0.150445
13.12.13,0.14523
12.12.13,0.146708
11.12.13,0.131636
10.12.13,0.110086
09.12.13,0.113379
06.12.13,0.105058
05.12.13,0.092601
04.12.13,0.074735
03.12.13,0.062465
02.12.13,0.056514
29.11.13,0.05116
28.11.13,0.050556
27.11.13,0.051455
26.11.13,0.042205
25.11.13,0.04689
22.11.13,0.053748
21.11.13,0.037729
20.11.13,0.035952
19.11.13,0.030496
18.11.13,0.031605
15.11.13,0.029293
14.11.13,0.025372
13.11.13,0.019073
12.11.13,0.028555
11.11.13,0.033472
08.11.13,0.03104
07.11.13,0.020414
06.11.13,0.04904
05.11.13,0.059857
04.11.13,0.04158
01.11.13,0.044255
31.10.13,0.046533
30.10.13,0.064114
29.10.13,0.078185
28.10.13,0.081159
25.10.13,0.080715
24.10.13,0.068763
23.10.13,0.059333
22.10.13,0.062333
21.10.13,0.070691
18.10.13,0.065682
17.10.13,0.073725
16.10.13,0.089427
15.10.13,0.071313
14.10.13,0.069502
11.10.13,0.068333
10.10.13,0.077022
09.10.13,0.076932
08.10.13,0.075976
07.10.13,0.059531
04.10.13,0.063822
03.10.13,0.059851
02.10.13,0.061921
01.10.13,0.060643
30.09.13,0.067654
27.09.13,0.058695
26.09.13,0.071033
25.09.13,0.073825
24.09.13,0.061628
23.09.13,0.067813
20.09.13,0.080901
19.09.13,0.073646
18.09.13,0.095768
17.09.13,0.090076
16.09.13,0.090372
13.09.13,0.092017
12.09.13,0.090788
11.09.13,0.100033
10.09.13,0.11408
09.09.13,0.101484
06.09.13,0.099672
05.09.13,0.132206
04.09.13,0.103267
03.09.13,0.096864
02.09.13,0.098572
30.08.13,0.088808
29.08.13,0.085688
28.08.13,0.090739
27.08.13,0.088674
26.08.13,0.092353
23.08.13,0.115892
22.08.13,0.087478
21.08.13,0.088759
20.08.13,0.079473
19.08.13,0.087962
16.08.13,0.077955
15.08.13,0.086962
14.08.13,0.081625
13.08.13,0.074414
12.08.13,0.051858
09.08.13,0.058656
08.08.13,0.054497
07.08.13,0.056029
06.08.13,0.051762
05.08.13,0.04789
02.08.13,0.044776
01.08.13,0.047771
31.07.13,0.043684
30.07.13,0.03962
29.07.13,0.042848
26.07.13,0.043518
25.07.13,0.04918
24.07.13,0.055075
23.07.13,0.048014
22.07.13,0.020489
19.07.13,0.013744
18.07.13,0.010506
17.07.13,0.013317
16.07.13,0.020776
15.07.13,0.027816
12.07.13,0.038782
11.07.13,0.045034
10.07.13,0.030183
09.07.13,0.02816
08.07.13,0.028923
05.07.13,0.043508
04.07.13,0.045639
03.07.13,0.087118
02.07.13,0.08551
01.07.13,0.100701
28.06.13,0.113809
27.06.13,0.103235
26.06.13,0.122364
25.06.13,0.15878
24.06.13,0.185128
21.06.13,0.141671
20.06.13,0.135518
19.06.13,0.086202
18.06.13,0.087023
17.06.13,0.072968
14.06.13,0.076907
13.06.13,0.08727
12.06.13,0.102725
11.06.13,0.113838
10.06.13,0.094314
07.06.13,0.082322
06.06.13,0.072351
05.06.13,0.046847
04.06.13,0.047453
03.06.13,0.041156
31.05.13,0.027672
30.05.13,0.035191
29.05.13,0.026721
28.05.13,0.000676
27.05.13,0.002949
24.05.13,0.003749
23.05.13,-0.004488
22.05.13,-0.013812
21.05.13,-0.004449
20.05.13,-0.013087
17.05.13,-0.01882
16.05.13,-0.012292
15.05.13,0.00115
14.05.13,-0.001329
13.05.13,-0.001551
10.05.13,-0.005509
09.05.13,-0.010105
08.05.13,-0.006603
07.05.13,-0.007693
06.05.13,-0.011339
03.05.13,-0.018787
02.05.13,-0.018157
30.04.13,-0.006268
29.04.13,-0.008762
26.04.13,-0.003747
25.04.13,-0.002826
24.04.13,-0.002939
23.04.13,0.00364
22.04.13,0.001692
19.04.13,0.015742
18.04.13,0.00409
17.04.13,0.010017
16.04.13,0.01776
15.04.13,0.018923
12.04.13,0.013388
11.04.13,0.018716
10.04.13,0.020153
09.04.13,0.01182
08.04.13,0.010515
05.04.13,0.00751
04.04.13,0.004459
03.04.13,0.009878
02.04.13,0.013185
28.03.13,0.002257
27.03.13,0.001683
26.03.13,0.012249
25.03.13,0.014633
22.03.13,0.020813
21.03.13,0.018441
20.03.13,0.014017
19.03.13,0.014662
18.03.13,0.016206
15.03.13,0.02872
14.03.13,0.032293
13.03.13,0.02757
12.03.13,0.030208
11.03.13,0.031483
08.03.13,0.036234
07.03.13,0.030369
06.03.13,0.007959
05.03.13,0.016164
04.03.13,0.012618
01.03.13,0.002121
28.02.13,0.012597
27.02.13,0.011736
26.02.13,0.028724
25.02.13,0.058793
22.02.13,0.046487
21.02.13,0.072377
20.02.13,0.088906
19.02.13,0.077568
18.02.13,0.075182
15.02.13,0.074212
14.02.13,0.077662
13.02.13,0.097038
12.02.13,0.088063
11.02.13,0.081272
08.02.13,0.081672
07.02.13,0.091162
06.02.13,0.110768
05.02.13,0.11608
04.02.13,0.110115
01.02.13,0.115239
31.01.13,0.150103
30.01.13,0.155422
29.01.13,0.130596
28.01.13,0.154644
25.01.13,0.12966
24.01.13,0.060987
23.01.13,0.059148
22.01.13,0.061434
21.01.13,0.069343
18.01.13,0.079367
17.01.13,0.075187
16.01.13,0.038926
15.01.13,0.031815
14.01.13,0.035383
11.01.13,0.031195
10.01.13,0.016107
09.01.13,-0.00554
08.01.13,-0.0033
07.01.13,0.00636
04.01.13,0.002212
03.01.13,-0.010629
02.01.13,-0.027612
31.12.12,-0.038158
28.12.12,-0.036196
27.12.12,-0.02595
24.12.12,-0.035913
21.12.12,-0.033691
20.12.12,-0.03325
19.12.12,-0.028938
18.12.12,-0.032454
17.12.12,-0.039157
14.12.12,-0.047318
13.12.12,-0.048342
12.12.12,-0.048011
11.12.12,-0.050383
10.12.12,-0.051744
07.12.12,-0.052296
06.12.12,-0.033435
05.12.12,-0.023274
04.12.12,-0.0155
03.12.12,-0.017684
30.11.12,-0.020727
29.11.12,-0.020809
28.11.12,-0.027189
27.11.12,-0.016557
26.11.12,-0.021188
23.11.12,-0.025156
22.11.12,-0.020163
21.11.12,-0.018376
20.11.12,-0.024299
19.11.12,-0.033789
16.11.12,-0.042613
15.11.12,-0.037822
14.11.12,-0.03405
13.11.12,-0.046699
12.11.12,-0.03805
09.11.12,-0.043889
08.11.12,-0.03932
07.11.12,-0.047476
06.11.12,-0.029356
05.11.12,-0.016521
02.11.12,-0.020014
01.11.12,-0.010819
31.10.12,-0.01077
30.10.12,-0.017334
29.10.12,-0.006346
26.10.12,-0.004793
25.10.12,0.0028
24.10.12,0.006499
23.10.12,0.016613
22.10.12,0.024215
19.10.12,0.011762
18.10.12,0.0131
17.10.12,0.003249
16.10.12,-0.006801
15.10.12,-0.01757
12.10.12,-0.021985
11.10.12,-0.012874
10.10.12,-0.020805
09.10.12,-0.016454
08.10.12,-0.022788
05.10.12,-0.005369
04.10.12,-0.011213
03.10.12,-0.016101
02.10.12,-0.013017
01.10.12,-0.00724
28.09.12,-0.013759
27.09.12,-0.009924
26.09.12,-0.014318
25.09.12,-0.006425
24.09.12,-0.01164
21.09.12,-0.011566
20.09.12,-0.01537
19.09.12,-0.004205
18.09.12,0.000368
17.09.12,0.006878
14.09.12,0.018975
13.09.12,-0.011198
12.09.12,-0.016034
11.09.12,-0.007985
10.09.12,-0.013733
07.09.12,-0.018762
06.09.12,-0.026272
05.09.12,-0.060524
04.09.12,-0.047763
03.09.12,-0.042632
31.08.12,-0.053211
30.08.12,-0.063032
29.08.12,-0.042571
28.08.12,-0.04384
27.08.12,-0.060213
24.08.12,-0.076335
23.08.12,-0.052557
22.08.12,-0.0519
21.08.12,-0.059945
20.08.12,-0.051898
17.08.12,-0.058349
16.08.12,-0.067284
15.08.12,-0.05555
14.08.12,-0.059199
13.08.12,-0.071246
10.08.12,-0.088927
09.08.12,-0.079065
08.08.12,-0.079441
07.08.12,-0.065311
06.08.12,-0.073088
03.08.12,-0.061592
02.08.12,-0.083248
01.08.12,-0.097342
31.07.12,-0.087881
30.07.12,-0.080531
27.07.12,-0.056793
26.07.12,-0.051456
25.07.12,-0.036182
24.07.12,-0.047115
23.07.12,-0.055586
20.07.12,-0.081004
19.07.12,-0.066667
18.07.12,-0.067178
17.07.12,-0.07127
16.07.12,-0.073139
13.07.12,-0.081304
12.07.12,-0.071439
11.07.12,-0.064184
10.07.12,-0.0415
09.07.12,-0.046156
06.07.12,-0.042852
05.07.12,-0.019176
04.07.12,0.044121
03.07.12,0.043255
02.07.12,0.071573
29.06.12,0.077058
28.06.12,0.072802
27.06.12,0.071427
26.06.12,0.070938
25.06.12,0.064927
22.06.12,0.081279
21.06.12,0.074714
20.06.12,0.098087
19.06.12,0.064132
18.06.12,0.05662
15.06.12,0.072133
14.06.12,0.101423
13.06.12,0.10597
12.06.12,0.109297
11.06.12,0.085796
08.06.12,0.064011
07.06.12,0.085925
06.06.12,0.074763
05.06.12,0.040091
04.06.12,0.043838
01.06.12,0.042582
31.05.12,0.051215
30.05.12,0.05427
29.05.12,0.053337
28.05.12,0.041529
25.05.12,0.045354
24.05.12,0.050963
23.05.12,0.062551
22.05.12,0.075055
21.05.12,0.08068
18.05.12,0.086851
17.05.12,0.076166
16.05.12,0.091408
15.05.12,0.092643
14.05.12,0.096281
11.05.12,0.096876
10.05.12,0.096251
09.05.12,0.098867
08.05.12,0.083497
07.05.12,0.07958
04.05.12,0.082416
03.05.12,0.100998
02.05.12,0.092845
30.04.12,0.101865
27.04.12,0.111164
26.04.12,0.116874
25.04.12,0.133524
24.04.12,0.15012
23.04.12,0.161424
20.04.12,0.158601
19.04.12,0.157283
18.04.12,0.137381
17.04.12,0.139076
16.04.12,0.128293
13.04.12,0.116872
12.04.12,0.123578
11.04.12,0.135479
10.04.12,0.139042
05.04.12,0.145285
04.04.12,0.148662
03.04.12,0.154785
02.04.12,0.156252
30.03.12,0.160187
29.03.12,0.152521
28.03.12,0.151676
27.03.12,0.164031
26.03.12,0.159263
23.03.12,0.16493
22.03.12,0.178529
21.03.12,0.190753
20.03.12,0.197346
19.03.12,0.196078
16.03.12,0.210145
15.03.12,0.165458
14.03.12,0.151087
13.03.12,0.134518
12.03.12,0.115313
09.03.12,0.122548
08.03.12,0.105941
07.03.12,0.114059
06.03.12,0.118783
05.03.12,0.117974
02.03.12,0.111864
01.03.12,0.135225
29.02.12,0.147002
28.02.12,0.161487
27.02.12,0.171094
24.02.12,0.191637
23.02.12,0.201539
22.02.12,0.209226
21.02.12,0.222087
20.02.12,0.220023
17.02.12,0.220547
16.02.12,0.213095
15.02.12,0.201457
14.02.12,0.201878
13.02.12,0.202021
10.02.12,0.19119
09.02.12,0.198928
08.02.12,0.19156
07.02.12,0.180065
06.02.12,0.174243
03.02.12,0.157899
02.02.12,0.166268
01.02.12,0.193255
31.01.12,0.206149
30.01.12,0.227335
27.01.12,0.211199
26.01.12,0.206332
25.01.12,0.221561
24.01.12,0.224033
23.01.12,0.219274
20.01.12,0.209398
19.01.12,0.21362
18.01.12,0.20747
17.01.12,0.203849
16.01.12,0.168635
13.01.12,0.149164
12.01.12,0.127248
11.01.12,0.15655
10.01.12,0.199107
09.01.12,0.183462
06.01.12,0.187312
05.01.12,0.161397
04.01.12,0.103733
03.01.12,0.117707
02.01.12,0.135763
30.12.11,0.093778
29.12.11,0.068025
28.12.11,0.095466
27.12.11,0.099039
23.12.11,0.1363
22.12.11,0.16506
21.12.11,0.169035
20.12.11,0.15946
19.12.11,0.174588
16.12.11,0.125395
15.12.11,0.175595
14.12.11,0.259316
13.12.11,0.288926
12.12.11,0.277953
09.12.11,0.294637
08.12.11,0.276817
07.12.11,0.28984
06.12.11,0.318757
05.12.11,0.306407
02.12.11,0.336219
01.12.11,0.321139
30.11.11,0.383436
29.11.11,0.519949
28.11.11,0.552581
25.11.11,0.599753
24.11.11,0.60564
23.11.11,0.616323
22.11.11,0.575119
21.11.11,0.578238
18.11.11,0.606795
17.11.11,0.617164
16.11.11,0.622062
15.11.11,0.606482
14.11.11,0.549859
11.11.11,0.533446
10.11.11,0.501656
09.11.11,0.452853
08.11.11,0.461757
07.11.11,0.458679
04.11.11,0.445351
03.11.11,0.45251
02.11.11,0.511806
01.11.11,0.488178
31.10.11,0.537435
28.10.11,0.570286
27.10.11,0.56635
26.10.11,0.52423
25.10.11,0.572735
24.10.11,0.584385
21.10.11,0.603527
20.10.11,0.594226
19.10.11,0.555468
18.10.11,0.541069
17.10.11,0.517894
14.10.11,0.554156
13.10.11,0.531305
12.10.11,0.568434
11.10.11,0.551649
10.10.11,0.564109
07.10.11,0.55083
06.10.11,0.53107
05.10.11,0.469789
04.10.11,0.438001
03.10.11,0.458601
30.09.11,0.469022
29.09.11,0.484883
28.09.11,0.490292
27.09.11,0.498479
26.09.11,0.3796
23.09.11,0.376332
22.09.11,0.40066
21.09.11,0.4269
20.09.11,0.43042
19.09.11,0.438122
16.09.11,0.514225
15.09.11,0.57041
14.09.11,0.519438
13.09.11,0.490056
12.09.11,0.413975
09.09.11,0.401833
08.09.11,0.479878
07.09.11,0.532026
06.09.11,0.502294
05.09.11,0.508021
02.09.11,0.576123
01.09.11,0.651754
31.08.11,0.667379
30.08.11,0.64544
29.08.11,0.707895
26.08.11,0.621084
25.08.11,0.658745
24.08.11,0.687035
23.08.11,0.657993
22.08.11,0.674069
19.08.11,0.648941
18.08.11,0.61721
17.08.11,0.734213
16.08.11,0.732722
15.08.11,0.730562
12.08.11,0.687125
11.08.11,0.609606
10.08.11,0.615967
09.08.11,0.710589
08.08.11,0.726202
05.08.11,0.810638
04.08.11,0.941311
03.08.11,1.04351
02.08.11,1.048276
01.08.11,1.104715
29.07.11,1.112429
28.07.11,1.152386
27.07.11,1.162969
26.07.11,1.216421
25.07.11,1.234866
22.07.11,1.239471
21.07.11,1.239392
20.07.11,1.169907
19.07.11,1.160536
18.07.11,1.141162
15.07.11,1.157653
14.07.11,1.207255
13.07.11,1.210698
12.07.11,1.231769
11.07.11,1.266849
08.07.11,1.363553
07.07.11,1.401636
06.07.11,1.392469
05.07.11,1.426318
04.07.11,1.431446
01.07.11,1.416054
30.06.11,1.388328
29.06.11,1.355465
28.06.11,1.335195
27.06.11,1.274462
24.06.11,1.274244
23.06.11,1.276401
22.06.11,1.342051
21.06.11,1.356972
20.06.11,1.354308
17.06.11,1.350522
16.06.11,1.324546
15.06.11,1.360547
14.06.11,1.378584
13.06.11,1.347237
10.06.11,1.359122
09.06.11,1.378052
08.06.11,1.401742
07.06.11,1.399516
06.06.11,1.368495
03.06.11,1.34348
02.06.11,1.329883
01.06.11,1.316142
31.05.11,1.317816
30.05.11,1.293552
27.05.11,1.289992
26.05.11,1.313847
25.05.11,1.321412
24.05.11,1.360911
23.05.11,1.355531
20.05.11,1.392014
19.05.11,1.431693
18.05.11,1.399552
17.05.11,1.388905
16.05.11,1.396808
13.05.11,1.377905
12.05.11,1.351631
11.05.11,1.371527
10.05.11,1.365301
09.05.11,1.374198
06.05.11,1.399317
05.05.11,1.395904
04.05.11,1.494477
03.05.11,1.439846
02.05.11,1.429094
29.04.11,1.413089
28.04.11,1.398953
27.04.11,1.39178
26.04.11,1.354268
21.04.11,1.368904
20.04.11,1.393404
19.04.11,1.377043
18.04.11,1.345151
15.04.11,1.380242
14.04.11,1.363948
13.04.11,1.383632
12.04.11,1.362117
11.04.11,1.39141
08.04.11,1.405367
07.04.11,1.34555
06.04.11,1.32579
05.04.11,1.311308
04.04.11,1.314861
01.04.11,1.320275
31.03.11,1.299675
30.03.11,1.278597
29.03.11,1.282802
28.03.11,1.281387
25.03.11,1.249219
24.03.11,1.2315
23.03.11,1.21829
22.03.11,1.230259
21.03.11,1.226735
18.03.11,1.162046
17.03.11,1.131185
16.03.11,1.094885
15.03.11,1.114501
14.03.11,1.17356
11.03.11,1.189222
10.03.11,1.213952
09.03.11,1.234553
08.03.11,1.233903
07.03.11,1.256801
04.03.11,1.252769
03.03.11,1.253531
02.03.11,1.073587
01.03.11,1.084889
28.02.11,1.075778
25.02.11,1.08546
24.02.11,1.071677
23.02.11,1.092183
22.02.11,1.08294
21.02.11,1.040261
18.02.11,1.019631
17.02.11,0.994767
16.02.11,1.018983
15.02.11,1.040612
14.02.11,1.033855
11.02.11,1.037644
10.02.11,1.062799
09.02.11,1.058129
08.02.11,1.040831
07.02.11,1.002275
04.02.11,1.017376
03.02.11,1.005748
02.02.11,1.033622
01.02.11,1.01271
31.01.11,1.026227
28.01.11,1.03463
27.01.11,0.944745
26.01.11,0.930417
25.01.11,0.929022
24.01.11,0.899772
21.01.11,0.904157
20.01.11,0.869641
19.01.11,0.797223
18.01.11,0.83117
17.01.11,0.776005
14.01.11,0.767045
13.01.11,0.720939
12.01.11,0.651986
11.01.11,0.608606
10.01.11,0.605892
07.01.11,0.607928
06.01.11,0.62599
05.01.11,0.611565
04.01.11,0.601764
03.01.11,0.580284
31.12.10,0.602586
30.12.10,0.599058
29.12.10,0.609566
28.12.10,0.605711
27.12.10,0.641058
24.12.10,0.637395
23.12.10,0.635813
22.12.10,0.654277
21.12.10,0.725762
20.12.10,0.72362
17.12.10,0.733084
16.12.10,0.736529
15.12.10,0.728827
14.12.10,0.726619
13.12.10,0.74267
10.12.10,0.740402
09.12.10,0.71806
08.12.10,0.692818
07.12.10,0.666129
06.12.10,0.655839
03.12.10,0.678787
02.12.10,0.67788
01.12.10,0.721055
30.11.10,0.719105
29.11.10,0.729778
26.11.10,0.742975
25.11.10,0.751898
24.11.10,0.744008
23.11.10,0.758116
22.11.10,0.817214
19.11.10,0.841801
18.11.10,0.82328
17.11.10,0.81427
16.11.10,0.823088
15.11.10,0.838303
12.11.10,0.822026
11.11.10,0.812004
10.11.10,0.822086
09.11.10,0.819137
08.11.10,0.828659
05.11.10,0.817186
04.11.10,0.836567
03.11.10,0.834817
02.11.10,0.848015
01.11.10,0.844714
29.10.10,0.843303
28.10.10,0.865283
27.10.10,0.857646
26.10.10,0.852794
25.10.10,0.809517
22.10.10,0.822073
21.10.10,0.800503
20.10.10,0.787344
19.10.10,0.75768
18.10.10,0.736477
15.10.10,0.679804
14.10.10,0.668447
13.10.10,0.641269
12.10.10,0.641803
11.10.10,0.659039
08.10.10,0.665544
07.10.10,0.663971
06.10.10,0.643509
05.10.10,0.659285
04.10.10,0.663684
01.10.10,0.713115
30.09.10,0.675927
29.09.10,0.593787
28.09.10,0.557758
27.09.10,0.556011
24.09.10,0.534268
23.09.10,0.521338
22.09.10,0.555275
21.09.10,0.566666
20.09.10,0.569301
17.09.10,0.558079
16.09.10,0.574676
15.09.10,0.53432
14.09.10,0.513877
13.09.10,0.524139
10.09.10,0.510536
09.09.10,0.491638
08.09.10,0.460802
07.09.10,0.438549
06.09.10,0.461607
03.09.10,0.462653
02.09.10,0.44239
01.09.10,0.446703
31.08.10,0.447731
30.08.10,0.438564
27.08.10,0.447416
26.08.10,0.439819
25.08.10,0.425248
24.08.10,0.413625
23.08.10,0.43903
20.08.10,0.435903
19.08.10,0.471799
18.08.10,0.469069
17.08.10,0.474367
16.08.10,0.463141
13.08.10,0.473089
12.08.10,0.47146
11.08.10,0.501769
10.08.10,0.557622
09.08.10,0.568505
06.08.10,0.588645
05.08.10,0.578566
04.08.10,0.56583
03.08.10,0.561839
02.08.10,0.596125
30.07.10,0.587181
29.07.10,0.604385
28.07.10,0.604623
27.07.10,0.62279
26.07.10,0.578656
23.07.10,0.558394
22.07.10,0.540175
21.07.10,0.550401
20.07.10,0.580466
19.07.10,0.62507
16.07.10,0.571332
15.07.10,0.561843
14.07.10,0.542031
13.07.10,0.503767
12.07.10,0.502682
09.07.10,0.547393
08.07.10,0.533559
07.07.10,0.464451
06.07.10,0.470967
05.07.10,0.446772
02.07.10,0.466482
01.07.10,0.469551
30.06.10,0.42374
29.06.10,0.380067
28.06.10,0.405117
25.06.10,0.392663
24.06.10,0.369038
23.06.10,0.379559
22.06.10,0.370113
21.06.10,0.375507
18.06.10,0.335208
17.06.10,0.309305
16.06.10,0.300167
15.06.10,0.298551
14.06.10,0.27917
11.06.10,0.261444
10.06.10,0.276653
09.06.10,0.269869
08.06.10,0.272569
07.06.10,0.281356
04.06.10,0.280965
03.06.10,0.290812
02.06.10,0.276954
01.06.10,0.273142
31.05.10,0.277592
28.05.10,0.280507
27.05.10,0.544182
26.05.10,0.530419
25.05.10,0.488684
24.05.10,0.473075
21.05.10,0.482481
20.05.10,0.495518
19.05.10,0.498076
18.05.10,0.514608
17.05.10,0.449149
14.05.10,0.423864
13.05.10,0.454473
12.05.10,0.446075
11.05.10,0.467802
10.05.10,0.459226
07.05.10,0.421984
06.05.10,0.453179
05.05.10,0.483415
04.05.10,0.572042
03.05.10,0.604769
30.04.10,0.601467
29.04.10,0.620711
28.04.10,0.614561
27.04.10,0.625915
26.04.10,0.644916
23.04.10,0.622146
22.04.10,0.620142
21.04.10,0.60564
20.04.10,0.60397
19.04.10,0.584779
16.04.10,0.59507
15.04.10,0.622195
14.04.10,0.620432
13.04.10,0.633365
12.04.10,0.649386
09.04.10,0.636287
08.04.10,0.601189
07.04.10,0.618299
06.04.10,0.632484
01.04.10,0.613522
31.03.10,0.600486
30.03.10,0.600426
29.03.10,0.591009
26.03.10,0.600098
25.03.10,0.590399
24.03.10,0.597235
23.03.10,0.584072
22.03.10,0.600492
19.03.10,0.608856
18.03.10,0.605002
17.03.10,0.584748
16.03.10,0.620261
15.03.10,0.619902
12.03.10,0.635383
11.03.10,0.607934
10.03.10,0.58549
09.03.10,0.573459
08.03.10,0.577702
05.03.10,0.588383
04.03.10,0.582393
03.03.10,0.589223
02.03.10,0.564324
01.03.10,0.573794
26.02.10,0.542666
25.02.10,0.559125
24.02.10,0.584699
23.02.10,0.592981
22.02.10,0.635252
19.02.10,0.646895
18.02.10,0.615867
17.02.10,0.606872
16.02.10,0.634261
15.02.10,0.603723
12.02.10,0.628131
11.02.10,0.670715
10.02.10,0.647947
09.02.10,0.647818
08.02.10,0.643232
05.02.10,0.673053
04.02.10,0.692164
03.02.10,0.719185
02.02.10,0.715415
01.02.10,0.715098
29.01.10,0.714475
28.01.10,0.705698
27.01.10,0.688864
26.01.10,0.679456
25.01.10,0.667131
22.01.10,0.666354
21.01.10,0.693276
20.01.10,0.705978
19.01.10,0.69792
18.01.10,0.672608
15.01.10,0.662048
14.01.10,0.694403
13.01.10,0.716683
12.01.10,0.714471
11.01.10,0.705608
08.01.10,0.741674
07.01.10,0.749112
06.01.10,0.778211
05.01.10,0.793412
04.01.10,0.833021
31.12.09,0.811557
30.12.09,0.810686
29.12.09,0.794636
28.12.09,0.766319
24.12.09,0.740651
23.12.09,0.741329
22.12.09,0.744673
21.12.09,0.734652
18.12.09,0.72286
17.12.09,0.724959
16.12.09,0.760244
15.12.09,0.80026
14.12.09,0.788807
11.12.09,0.805889
10.12.09,0.780242
09.12.09,0.754703
08.12.09,0.751839
07.12.09,0.801124
04.12.09,0.817552
03.12.09,0.787499
02.12.09,0.788934
01.12.09,0.790287
30.11.09,0.796865
27.11.09,0.780816
26.11.09,0.790007
25.11.09,0.836957
24.11.09,0.80533
23.11.09,0.802155
20.11.09,0.775738
19.11.09,0.742951
18.11.09,0.753008
17.11.09,0.757133
16.11.09,0.738507
13.11.09,0.742256
12.11.09,0.75222
11.11.09,0.759834
10.11.09,0.761284
09.11.09,0.757508
06.11.09,0.790733
05.11.09,0.806782
04.11.09,0.818771
03.11.09,0.802087
02.11.09,0.817301
30.10.09,0.811928
29.10.09,0.83333
28.10.09,0.779853
27.10.09,0.795223
26.10.09,0.849112
23.10.09,0.870323
22.10.09,0.861901
21.10.09,0.868284
20.10.09,0.867287
19.10.09,0.870562
16.10.09,0.86631
15.10.09,0.84778
14.10.09,0.817831
13.10.09,0.794462
12.10.09,0.8196
09.10.09,0.848801
08.10.09,0.748221
07.10.09,0.749459
06.10.09,0.712616
05.10.09,0.68886
02.10.09,0.689669
01.10.09,0.71392
30.09.09,0.700379
29.09.09,0.697062
28.09.09,0.675479
25.09.09,0.674865
24.09.09,0.648533
23.09.09,0.666431
22.09.09,0.683168
21.09.09,0.694203
18.09.09,0.713759
17.09.09,0.720362
16.09.09,0.689121
15.09.09,0.675318
14.09.09,0.654809
11.09.09,0.634519
10.09.09,0.638197
09.09.09,0.649436
08.09.09,0.627138
07.09.09,0.631102
04.09.09,0.664907
03.09.09,0.681367
02.09.09,0.731182
01.09.09,0.733208
31.08.09,0.741032
28.08.09,0.756781
27.08.09,0.761638
26.08.09,0.762885
25.08.09,0.779477
24.08.09,0.797637
21.08.09,0.798915
20.08.09,0.774075
19.08.09,0.776589
18.08.09,0.798673
17.08.09,0.783443
14.08.09,0.780149
13.08.09,0.803014
12.08.09,0.84736
11.08.09,0.864089
10.08.09,0.908061
07.08.09,0.912896
06.08.09,0.873774
05.08.09,0.864894
04.08.09,0.800338
03.08.09,0.777563
31.07.09,0.742185
30.07.09,0.771868
29.07.09,0.772487
28.07.09,0.776127
27.07.09,0.798462
24.07.09,0.766731
23.07.09,0.743045
22.07.09,0.741901
21.07.09,0.741791
20.07.09,0.754261
17.07.09,0.73469
16.07.09,0.725483
15.07.09,0.765283
14.07.09,0.747837
13.07.09,0.73638
10.07.09,0.736819
09.07.09,0.749214
08.07.09,0.738325
07.07.09,0.741753
06.07.09,0.756454
03.07.09,0.77247
02.07.09,0.783807
01.07.09,0.876706
30.06.09,0.896297
29.06.09,0.886047
26.06.09,0.833408
25.06.09,0.817039
24.06.09,0.843773
23.06.09,0.926035
22.06.09,0.919001
19.06.09,0.944874
18.06.09,0.956957
17.06.09,0.97519
16.06.09,1.0082
15.06.09,1.011257
12.06.09,1.04332
11.06.09,1.083596
10.06.09,1.076149
09.06.09,1.099254
08.06.09,1.122514
05.06.09,1.085185
04.06.09,0.996745
03.06.09,0.910192
02.06.09,0.91535
01.06.09,0.927903
29.05.09,0.932944
28.05.09,0.980758
27.05.09,0.98141
26.05.09,0.962321
25.05.09,0.977837
22.05.09,0.927999
21.05.09,0.904256
20.05.09,0.927412
19.05.09,0.870456
18.05.09,0.817905
15.05.09,0.839857
14.05.09,0.861141
13.05.09,0.85823
12.05.09,0.898047
11.05.09,0.872393
08.05.09,0.867911
07.05.09,0.907094
06.05.09,0.920355
05.05.09,0.943668
04.05.09,0.944196
30.04.09,0.961134
29.04.09,0.948382
28.04.09,0.966215
27.04.09,0.974462
24.04.09,1.007584
23.04.09,1.040038
22.04.09,1.067727
21.04.09,1.060262
20.04.09,1.073713
17.04.09,1.068002
16.04.09,1.009351
15.04.09,0.960682
14.04.09,0.980663
09.04.09,0.989292
08.04.09,0.971966
07.04.09,0.970057
06.04.09,1.020774
03.04.09,1.011186
02.04.09,0.935953
01.04.09,0.860283
31.03.09,0.880698
30.03.09,0.896316
27.03.09,0.918471
26.03.09,0.968037
25.03.09,0.96919
24.03.09,0.971222
23.03.09,0.922028
20.03.09,0.893367
19.03.09,0.947711
18.03.09,0.954982
17.03.09,0.963879
16.03.09,0.961235
13.03.09,0.981249
12.03.09,0.986234
11.03.09,1.036184
10.03.09,0.982097
09.03.09,0.993892
06.03.09,0.943675
05.03.09,0.936498
04.03.09,0.933822
03.03.09,0.960468
02.03.09,0.992522
27.02.09,1.008168
26.02.09,1.044588
25.02.09,1.021601
24.02.09,1.057337
23.02.09,1.104095
20.02.09,1.114634
19.02.09,1.148819
18.02.09,1.086147
17.02.09,1.064778
16.02.09,1.077519
13.02.09,1.126432
12.02.09,1.11805
11.02.09,1.186802
10.02.09,1.211231
09.02.09,1.179755
06.02.09,1.158934
05.02.09,1.181447
04.02.09,1.268082
03.02.09,1.240439
02.02.09,1.30251
30.01.09,1.265332
29.01.09,1.296053
28.01.09,1.310649
27.01.09,1.378225
26.01.09,1.378852
23.01.09,1.236352
22.01.09,1.274705
21.01.09,1.321656
20.01.09,1.370983
19.01.09,1.417158
16.01.09,1.404009
15.01.09,1.416988
14.01.09,1.444915
13.01.09,1.437639
12.01.09,1.44836
09.01.09,1.472082
08.01.09,1.590652
07.01.09,1.654964
06.01.09,1.797156
05.01.09,1.781239
02.01.09,1.788542
31.12.08,1.84939
30.12.08,1.843814
29.12.08,1.817993
24.12.08,1.871276
23.12.08,1.866173
22.12.08,1.874261
19.12.08,1.897533
18.12.08,1.923314
17.12.08,1.936415
16.12.08,2.065843
15.12.08,2.103431
12.12.08,2.085277
11.12.08,2.104953
10.12.08,2.128487
09.12.08,2.169571
08.12.08,2.109487
05.12.08,2.055617
04.12.08,1.972609
03.12.08,2.014477
02.12.08,2.094664
01.12.08,2.108991
28.11.08,2.102443
27.11.08,2.160201
26.11.08,2.171677
25.11.08,2.210303
24.11.08,2.165495
21.11.08,2.15493
20.11.08,2.141082
19.11.08,2.278469
18.11.08,2.339198
17.11.08,2.338798
14.11.08,2.411948
13.11.08,2.384119
12.11.08,2.401958
11.11.08,2.6209
10.11.08,2.730224
07.11.08,2.741521
06.11.08,2.758318
05.11.08,2.920519
04.11.08,2.904687
03.11.08,2.912253
31.10.08,2.863721
30.10.08,2.915587
29.10.08,2.89436
28.10.08,2.864187
27.10.08,2.894859
24.10.08,2.926449
23.10.08,2.968056
22.10.08,3.009441
21.10.08,3.12268
20.10.08,3.112753
17.10.08,3.100679
16.10.08,3.076199
15.10.08,3.139662
14.10.08,3.112285
13.10.08,3.10717
10.10.08,3.115003
09.10.08,3.161657
08.10.08,3.194725
07.10.08,3.194725
06.10.08,3.312676
03.10.08,3.395607
02.10.08,3.532208
01.10.08,3.585038
30.09.08,3.597012
29.09.08,3.74214
26.09.08,3.86432
25.09.08,3.959851
24.09.08,3.977387
23.09.08,4.071626
22.09.08,4.132617
19.09.08,4.093769
18.09.08,4.00324
17.09.08,3.997749
16.09.08,3.933126
15.09.08,4.022102
12.09.08,4.138415
11.09.08,4.12299
10.09.08,4.15465
09.09.08,4.178151
08.09.08,4.176613
05.09.08,4.147637
04.09.08,4.197328
03.09.08,4.193548
02.09.08,4.196699
01.09.08,4.156928
29.08.08,4.198391
28.08.08,4.225887
27.08.08,4.19507
26.08.08,4.130931
25.08.08,4.172572
22.08.08,4.21299
21.08.08,4.189776
20.08.08,4.136878
19.08.08,4.112606
18.08.08,4.154364
15.08.08,4.169818
14.08.08,4.177809
13.08.08,4.18284
12.08.08,4.199634
11.08.08,4.210181
08.08.08,4.191677
07.08.08,4.214845
06.08.08,4.312385
05.08.08,4.313431
04.08.08,4.316884
01.08.08,4.320185
31.07.08,4.310598
30.07.08,4.322122
29.07.08,4.345531
28.07.08,4.355204
25.07.08,4.380493
24.07.08,4.376591
23.07.08,4.455405
22.07.08,4.448082
21.07.08,4.478279
18.07.08,4.396411
17.07.08,4.32802
16.07.08,4.306225
15.07.08,4.290464
14.07.08,4.338749
11.07.08,4.356009
10.07.08,4.376239
09.07.08,4.390525
08.07.08,4.370483
07.07.08,4.374815
04.07.08,4.404874
03.07.08,4.439059
02.07.08,4.515347
01.07.08,4.48035
30.06.08,4.494118
27.06.08,4.417189
26.06.08,4.449039
25.06.08,4.463553
24.06.08,4.438425
23.06.08,4.45762
20.06.08,4.481978
19.06.08,4.509826
18.06.08,4.483621
17.06.08,4.49583
16.06.08,4.539553
13.06.08,4.461695
12.06.08,4.445438
11.06.08,4.433033
10.06.08,4.479272
09.06.08,4.535732
06.06.08,4.501842
05.06.08,4.392403
04.06.08,4.198006
03.06.08,4.234798
02.06.08,4.179261
30.05.08,4.196946
29.05.08,4.197546
28.05.08,4.146445
27.05.08,4.134206
26.05.08,4.145151
23.05.08,4.1471
22.05.08,4.129639
21.05.08,4.080602
20.05.08,4.019385
19.05.08,4.004291
16.05.08,4.00842
15.05.08,4.005838
14.05.08,3.956342
13.05.08,3.924977
12.05.08,3.867639
09.05.08,3.848429
08.05.08,3.874085
07.05.08,3.881874
06.05.08,3.866208
05.05.08,3.917949
02.05.08,3.907016
30.04.08,3.891177
29.04.08,3.886637
28.04.08,3.914125
25.04.08,3.931793
24.04.08,3.93103
23.04.08,3.942061
22.04.08,4.003266
21.04.08,3.868029
18.04.08,3.880293
17.04.08,3.801878
16.04.08,3.772852
15.04.08,3.752198
14.04.08,3.714968
11.04.08,3.690236
10.04.08,3.70845
09.04.08,3.729275
08.04.08,3.744603
07.04.08,3.741183
04.04.08,3.712733
03.04.08,3.733137
02.04.08,3.742762
01.04.08,3.731749
31.03.08,3.699265
28.03.08,3.703745
27.03.08,3.686808
26.03.08,3.716549
25.03.08,3.704147
20.03.08,3.625569
19.03.08,3.562109
18.03.08,3.513868
17.03.08,3.448498
14.03.08,3.533712
13.03.08,3.518671
12.03.08,3.568441
11.03.08,3.562391
10.03.08,3.486198
07.03.08,3.512325
06.03.08,3.519822
05.03.08,3.488797
04.03.08,3.474364
03.03.08,3.43715
29.02.08,3.417451
28.02.08,3.502037
27.02.08,3.529768
26.02.08,3.569583
25.02.08,3.53984
22.02.08,3.552066
21.02.08,3.566762
20.02.08,3.493483
19.02.08,3.461303
18.02.08,3.452921
15.02.08,3.396563
14.02.08,3.426163
13.02.08,3.396261
12.02.08,3.371084
11.02.08,3.332595
08.02.08,3.326625
07.02.08,3.388165
06.02.08,3.468126
05.02.08,3.487153
04.02.08,3.569091
01.02.08,3.561208
31.01.08,3.547181
30.01.08,3.630897
29.01.08,3.62361
28.01.08,3.595989
25.01.08,3.672156
24.01.08,3.617402
23.01.08,3.455852
22.01.08,3.523179
21.01.08,3.59329
18.01.08,3.676675
17.01.08,3.70994
16.01.08,3.754547
15.01.08,3.789163
14.01.08,3.815434
11.01.08,3.867884
10.01.08,3.88605
09.01.08,3.88044
08.01.08,3.904593
07.01.08,3.896688
04.01.08,3.865269
03.01.08,3.893208
02.01.08,3.944946
31.12.07,4.000859
28.12.07,3.99073
27.12.07,4.000747
24.12.07,3.987815
21.12.07,3.977256
20.12.07,3.969624
19.12.07,3.951215
18.12.07,3.979712
17.12.07,3.989601
14.12.07,4.008957
13.12.07,4.003878
12.12.07,3.985189
11.12.07,3.967465
10.12.07,3.942727
07.12.07,3.909997
06.12.07,3.857762
05.12.07,3.809958
04.12.07,3.808158
03.12.07,3.822063
30.11.07,3.842934
29.11.07,3.812643
28.11.07,3.824799
27.11.07,3.795154
26.11.07,3.810065
23.11.07,3.814019
22.11.07,3.827873
21.11.07,3.828388
20.11.07,3.851731
19.11.07,3.864389
16.11.07,3.883522
15.11.07,3.903944
14.11.07,3.923622
13.11.07,3.891793
12.11.07,3.892314
09.11.07,3.878755
08.11.07,3.916289
07.11.07,3.944147
06.11.07,3.969699
05.11.07,3.958842
02.11.07,3.966957
01.11.07,3.995803
31.10.07,4.014895
30.10.07,3.974306
29.10.07,3.930818
26.10.07,3.924322
25.10.07,3.903257
24.10.07,3.914913
23.10.07,3.952569
22.10.07,3.940097
19.10.07,3.966525
18.10.07,4.004553
17.10.07,4.039869
16.10.07,4.050579
15.10.07,4.067571
12.10.07,4.022317
11.10.07,3.96727
10.10.07,3.959367
09.10.07,3.934315
08.10.07,3.930304
05.10.07,3.928432
04.10.07,3.913245
03.10.07,3.914475
02.10.07,3.937246
01.10.07,3.932166
28.09.07,3.955137
27.09.07,3.977112
26.09.07,3.966823
25.09.07,3.934171
24.09.07,3.948123
21.09.07,3.952054
20.09.07,3.973089
19.09.07,3.948126
18.09.07,3.964724
17.09.07,3.940843
14.09.07,3.91496
13.09.07,3.931659
12.09.07,3.911245
11.09.07,3.883792
10.09.07,3.869597
07.09.07,3.890014
06.09.07,3.940416
05.09.07,3.966112
04.09.07,3.976154
03.09.07,3.984999
31.08.07,3.977924
30.08.07,3.961725
29.08.07,3.947357
28.08.07,3.964106
27.08.07,4.012577
24.08.07,3.97349
23.08.07,3.992781
22.08.07,3.965493
21.08.07,3.850883
20.08.07,3.938694
17.08.07,3.929836
16.08.07,3.976795
15.08.07,4.072486
14.08.07,4.162142
13.08.07,4.151169
10.08.07,4.140458
09.08.07,4.21077
08.08.07,4.26891
07.08.07,4.227752
06.08.07,4.211563
03.08.07,4.228292
02.08.07,4.253033
01.08.07,4.21958
31.07.07,4.233345
30.07.07,4.206455
27.07.07,4.220127
26.07.07,4.235796
25.07.07,4.266058
24.07.07,4.275243
23.07.07,4.278011
20.07.07,4.282748
19.07.07,4.309733
18.07.07,4.306538
17.07.07,4.304115
16.07.07,4.294233
13.07.07,4.307526
12.07.07,4.303372
11.07.07,4.274571
10.07.07,4.280199
09.07.07,4.298562
06.07.07,4.310838
05.07.07,4.292829
04.07.07,4.276993
03.07.07,4.257552
02.07.07,4.264398
29.06.07,4.264051
28.06.07,4.2502
27.06.07,4.230983
26.06.07,4.238697
25.06.07,4.231905
22.06.07,4.253382
21.06.07,4.24312
20.06.07,4.254151
19.06.07,4.222696
18.06.07,4.24985
15.06.07,4.250777
14.06.07,4.235684
13.06.07,4.251665
12.06.07,4.244725
11.06.07,4.223455
08.06.07,4.224709
07.06.07,4.231783
06.06.07,4.21477
05.06.07,4.228078
04.06.07,4.226861
01.06.07,4.224721
31.05.07,4.205861
30.05.07,4.18827
29.05.07,4.189645
28.05.07,4.178324
25.05.07,4.169964
24.05.07,4.154151
23.05.07,4.16068
22.05.07,4.140618
21.05.07,4.140464
18.05.07,4.132633
17.05.07,4.125213
16.05.07,4.116904
15.05.07,4.088084
14.05.07,4.065091
11.05.07,4.035085
10.05.07,4.045106
09.05.07,4.048722
08.05.07,4.043534
07.05.07,4.051163
04.05.07,4.031078
03.05.07,4.044471
02.05.07,4.030153
30.04.07,4.013191
27.04.07,4.028489
26.04.07,4.015626
25.04.07,4.00962
24.04.07,4.000283
23.04.07,4.007209
20.04.07,4.01224
19.04.07,4.003056
18.04.07,3.993866
17.04.07,3.993259
16.04.07,3.998062
13.04.07,3.991963
12.04.07,3.986519
11.04.07,3.978441
10.04.07,3.967376
05.04.07,3.938785
04.04.07,3.936594
03.04.07,3.941438
02.04.07,3.93428
30.03.07,3.921181
29.03.07,3.910234
28.03.07,3.890941
27.03.07,3.892113
26.03.07,3.88224
23.03.07,3.879593
22.03.07,3.861415
21.03.07,3.876606
20.03.07,3.866096
19.03.07,3.868258
16.03.07,3.851328
15.03.07,3.850082
14.03.07,3.841524
13.03.07,3.855953
12.03.07,3.85642
09.03.07,3.856035
08.03.07,3.823374
07.03.07,3.800606
06.03.07,3.792372
05.03.07,3.767964
02.03.07,3.779372
01.03.07,3.787966
28.02.07,3.791028
27.02.07,3.82711
26.02.07,3.846317
23.02.07,3.864041
22.02.07,3.861089
21.02.07,3.85451
20.02.07,3.861873
19.02.07,3.860669
16.02.07,3.841097
15.02.07,3.838319
14.02.07,3.848706
13.02.07,3.846424
12.02.07,3.837156
09.02.07,3.843009
08.02.07,3.837909
07.02.07,3.815457
06.02.07,3.803205
05.02.07,3.787535
02.02.07,3.801555
01.02.07,3.820961
31.01.07,3.840389
30.01.07,3.835336
29.01.07,3.833544
26.01.07,3.832461
25.01.07,3.81639
24.01.07,3.812346
23.01.07,3.801803
22.01.07,3.803551
19.01.07,3.805793
18.01.07,3.806195
17.01.07,3.788246
16.01.07,3.787985
15.01.07,3.796933
12.01.07,3.792556
11.01.07,3.770856
10.01.07,3.798284
09.01.07,3.777952
08.01.07,3.76995
05.01.07,3.776559
04.01.07,3.754924
03.01.07,3.74577
02.01.07,3.749662
29.12.06,3.758135
28.12.06,3.750841
27.12.06,3.74691
22.12.06,3.728225
21.12.06,3.717269
20.12.06,3.706171
19.12.06,3.69386
18.12.06,3.685913
15.12.06,3.657864
14.12.06,3.665099
13.12.06,3.645596
12.12.06,3.638278
11.12.06,3.632098
08.12.06,3.605765
07.12.06,3.603344
06.12.06,3.579454
05.12.06,3.56037
04.12.06,3.543946
01.12.06,3.586043
30.11.06,3.592421
29.11.06,3.582011
28.11.06,3.573403
27.11.06,3.595608
24.11.06,3.59638
23.11.06,3.613107
22.11.06,3.586311
21.11.06,3.600362
20.11.06,3.58879
17.11.06,3.619628
16.11.06,3.624599
15.11.06,3.625077
14.11.06,3.606854
13.11.06,3.61168
10.11.06,3.612531
09.11.06,3.644868
08.11.06,3.630917
07.11.06,3.622924
06.11.06,3.625728
03.11.06,3.612736
02.11.06,3.57876
01.11.06,3.553797
31.10.06,3.593478
30.10.06,3.57156
27.10.06,3.57054
26.10.06,3.57561
25.10.06,3.574129
24.10.06,3.560584
23.10.06,3.553017
20.10.06,3.535639
19.10.06,3.519545
18.10.06,3.501973
17.10.06,3.507119
16.10.06,3.519505
13.10.06,3.522583
12.10.06,3.509022
11.10.06,3.510831
10.10.06,3.502399
09.10.06,3.485999
06.10.06,3.468185
05.10.06,3.471175
04.10.06,3.469602
03.10.06,3.466239
02.10.06,3.488125
29.09.06,3.498118
28.09.06,3.491487
27.09.06,3.465875
26.09.06,3.458589
25.09.06,3.435999
22.09.06,3.481043
21.09.06,3.539426
20.09.06,3.529651
19.09.06,3.533443
18.09.06,3.553734
15.09.06,3.515725
14.09.06,3.529077
13.09.06,3.531773
12.09.06,3.536533
11.09.06,3.521
08.09.06,3.494114
07.09.06,3.509568
06.09.06,3.488228
05.09.06,3.457512
04.09.06,3.439647
01.09.06,3.441351
31.08.06,3.429394
30.08.06,3.412384
29.08.06,3.41525
28.08.06,3.40033
25.08.06,3.398391
24.08.06,3.403292
23.08.06,3.401281
22.08.06,3.395319
21.08.06,3.454714
18.08.06,3.463162
17.08.06,3.445356
16.08.06,3.447987
15.08.06,3.442766
14.08.06,3.453714
11.08.06,3.421758
10.08.06,3.397736
09.08.06,3.406202
08.08.06,3.389033
07.08.06,3.384293
04.08.06,3.378827
03.08.06,3.384214
02.08.06,3.344746
01.08.06,3.343685
31.07.06,3.335887
28.07.06,3.31841
27.07.06,3.322314
26.07.06,3.34819
25.07.06,3.3137
24.07.06,3.318643
21.07.06,3.313953
20.07.06,3.334902
19.07.06,3.349584
18.07.06,3.329749
17.07.06,3.310936
14.07.06,3.307077
13.07.06,3.341682
12.07.06,3.361592
11.07.06,3.345251
10.07.06,3.354811
07.07.06,3.34814
06.07.06,3.352403
05.07.06,3.337359
04.07.06,3.304033
03.07.06,3.310824
30.06.06,3.308519
29.06.06,3.297165
28.06.06,3.309912
27.06.06,3.31506
26.06.06,3.284117
23.06.06,3.255321
22.06.06,3.228253
21.06.06,3.223477
20.06.06,3.197326
19.06.06,3.183768
16.06.06,3.151687
15.06.06,3.156751
14.06.06,3.133695
13.06.06,3.111532
12.06.06,3.119887
09.06.06,3.122856
08.06.06,3.161427
07.06.06,3.209297
06.06.06,3.198367
05.06.06,3.171605
02.06.06,3.1541
01.06.06,3.171165
31.05.06,3.151398
30.05.06,3.125022
29.05.06,3.094166
26.05.06,3.07629
25.05.06,3.074741
24.05.06,3.071703
23.05.06,3.08184
22.05.06,3.075205
19.05.06,3.098775
18.05.06,3.090501
17.05.06,3.108614
16.05.06,3.088542
15.05.06,3.104843
12.05.06,3.139644
11.05.06,3.151056
10.05.06,3.129409
09.05.06,3.142608
08.05.06,3.115928
05.05.06,3.108198
04.05.06,3.112715
03.05.06,3.096318
02.05.06,3.112914
28.04.06,3.103606
27.04.06,3.109196
26.04.06,3.104571
25.04.06,3.053486
24.04.06,3.006588
21.04.06,2.999169
20.04.06,3.004186
19.04.06,3.003229
18.04.06,3.004954
13.04.06,3.004281
12.04.06,2.972676
11.04.06,2.981124
10.04.06,2.979856
07.04.06,2.966588
06.04.06,2.977746
05.04.06,3.057402
04.04.06,3.062931
03.04.06,3.072521
31.03.06,3.037054
30.03.06,3.034812
29.03.06,3.016759
28.03.06,2.992734
27.03.06,2.925595
24.03.06,2.935456
23.03.06,2.93306
22.03.06,2.934234
21.03.06,2.943259
20.03.06,2.930366
17.03.06,2.940578
16.03.06,2.91284
15.03.06,2.89913
14.03.06,2.88284
13.03.06,2.898321
10.03.06,2.886027
09.03.06,2.874327
08.03.06,2.875696
07.03.06,2.86512
06.03.06,2.863044
03.03.06,2.861362
02.03.06,2.838454
01.03.06,2.813906
28.02.06,2.797906
27.02.06,2.787985
24.02.06,2.768486
23.02.06,2.761464
22.02.06,2.728573
21.02.06,2.718792
20.02.06,2.69251
17.02.06,2.70469
16.02.06,2.71996
15.02.06,2.712171
14.02.06,2.720098
13.02.06,2.718847
10.02.06,2.706408
09.02.06,2.726241
08.02.06,2.722945
07.02.06,2.717239
06.02.06,2.726477
03.02.06,2.736376
02.02.06,2.743642
01.02.06,2.727644
31.01.06,2.726226
30.01.06,2.722725
27.01.06,2.696659
26.01.06,2.683497
25.01.06,2.689951
24.01.06,2.677162
23.01.06,2.680563
20.01.06,2.676431
19.01.06,2.672878
18.01.06,2.644444
17.01.06,2.623589
16.01.06,2.635458
13.01.06,2.634963
12.01.06,2.63589
11.01.06,2.66173
10.01.06,2.633595
09.01.06,2.607004
06.01.06,2.604173
05.01.06,2.605608
04.01.06,2.625856
03.01.06,2.686031
02.01.06,2.686655
30.12.05,2.649187
29.12.05,2.665891
28.12.05,2.651444
27.12.05,2.665472
23.12.05,2.668922
22.12.05,2.669208
21.12.05,2.662266
20.12.05,2.640685
19.12.05,2.634864
16.12.05,2.621785
15.12.05,2.623571
14.12.05,2.615577
13.12.05,2.615446
12.12.05,2.60676
09.12.05,2.602198
08.12.05,2.56216
07.12.05,2.551204
06.12.05,2.548241
05.12.05,2.556221
02.12.05,2.543992
01.12.05,2.548488
30.11.05,2.610057
29.11.05,2.585356
28.11.05,2.58798
25.11.05,2.562433
24.11.05,2.549733
23.11.05,2.590203
22.11.05,2.604563
21.11.05,2.626439
18.11.05,2.621305
17.11.05,2.522706
16.11.05,2.497923
15.11.05,2.536991
14.11.05,2.526286
11.11.05,2.519973
10.11.05,2.52634
09.11.05,2.527222
08.11.05,2.497862
07.11.05,2.492611
04.11.05,2.443216
03.11.05,2.455343
02.11.05,2.462403
01.11.05,2.423503
31.10.05,2.406292
28.10.05,2.408535
27.10.05,2.386976
26.10.05,2.378102
25.10.05,2.313365
24.10.05,2.284389
21.10.05,2.284519
20.10.05,2.309747
19.10.05,2.265735
18.10.05,2.300715
17.10.05,2.299884
14.10.05,2.259869
13.10.05,2.262487
12.10.05,2.262268
11.10.05,2.263283
10.10.05,2.220812
07.10.05,2.226264
06.10.05,2.19009
05.10.05,2.185951
04.10.05,2.184188
03.10.05,2.194595
30.09.05,2.176708
29.09.05,2.175218
28.09.05,2.149192
27.09.05,2.130421
26.09.05,2.130831
23.09.05,2.104821
22.09.05,2.078562
21.09.05,2.082135
20.09.05,2.089589
19.09.05,2.10117
16.09.05,2.106709
15.09.05,2.099487
14.09.05,2.085499
13.09.05,2.081566
12.09.05,2.078906
09.09.05,2.057058
08.09.05,2.047489
07.09.05,2.047933
06.09.05,2.043339
05.09.05,2.027648
02.09.05,2.032805
01.09.05,2.050722
31.08.05,2.089021
30.08.05,2.111076
29.08.05,2.100275
26.08.05,2.09595
25.08.05,2.085725
24.08.05,2.094183
23.08.05,2.093039
22.08.05,2.086417
19.08.05,2.081164
18.08.05,2.077521
17.08.05,2.085519
16.08.05,2.091414
15.08.05,2.102899
12.08.05,2.116683
11.08.05,2.136761
10.08.05,2.143487
09.08.05,2.145695
08.08.05,2.142367
05.08.05,2.140746
04.08.05,2.122855
03.08.05,2.120848
02.08.05,2.10895
01.08.05,2.116976
29.07.05,2.089887
28.07.05,2.084901
27.07.05,2.075318
26.07.05,2.076829
25.07.05,2.059416
22.07.05,2.057061
21.07.05,2.069546
20.07.05,2.079007
19.07.05,2.0759
18.07.05,2.070629
15.07.05,2.079674
14.07.05,2.070082
13.07.05,2.061917
12.07.05,2.052346
11.07.05,2.043685
08.07.05,2.016684
07.07.05,2.003367
06.07.05,2.0356
05.07.05,2.034248
04.07.05,2.000577
01.07.05,1.961546
30.06.05,1.9489
29.06.05,1.944769
28.06.05,1.954909
27.06.05,1.939226
24.06.05,1.945586
23.06.05,1.941655
22.06.05,1.934147
21.06.05,1.955735
20.06.05,2.006044
17.06.05,2.027972
16.06.05,2.033594
15.06.05,2.019053
14.06.05,1.988667
13.06.05,1.986623
10.06.05,1.994994
09.06.05,1.98185
08.06.05,1.957233
07.06.05,1.979179
06.06.05,1.998075
03.06.05,1.996056
02.06.05,2.004942
01.06.05,2.000604
31.05.05,2.046557
30.05.05,2.060401
27.05.05,2.061096
26.05.05,2.067867
25.05.05,2.05923
24.05.05,2.07527
23.05.05,2.101638
20.05.05,2.103109
19.05.05,2.081787
18.05.05,2.075582
17.05.05,2.080557
16.05.05,2.08203
13.05.05,2.077361
12.05.05,2.076195
11.05.05,2.067631
10.05.05,2.066329
09.05.05,2.087343
06.05.05,2.0838
05.05.05,2.071881
04.05.05,2.077106
03.05.05,2.06692
02.05.05,2.082818
29.04.05,2.088394
28.04.05,2.087982
27.04.05,2.100117
26.04.05,2.110159
25.04.05,2.117367
22.04.05,2.115986
21.04.05,2.124936
20.04.05,2.122402
19.04.05,2.121603
18.04.05,2.133972
15.04.05,2.142555
14.04.05,2.173798
13.04.05,2.174781
12.04.05,2.179164
11.04.05,2.175664
08.04.05,2.183651
07.04.05,2.185381
06.04.05,2.207123
05.04.05,2.21421
04.04.05,2.213028
01.04.05,2.20522
31.03.05,2.235843
30.03.05,2.275401
29.03.05,2.281639
24.03.05,2.281292
23.03.05,2.281479
22.03.05,2.261954
21.03.05,2.260037
18.03.05,2.246226
17.03.05,2.236285
16.03.05,2.236302
15.03.05,2.202966
14.03.05,2.210469
11.03.05,2.200069
10.03.05,2.204705
09.03.05,2.208083
08.03.05,2.189467
07.03.05,2.187365
04.03.05,2.202363
03.03.05,2.225457
02.03.05,2.244272
01.03.05,2.239107
28.02.05,2.240772
25.02.05,2.248903
24.02.05,2.232362
23.02.05,2.223606
22.02.05,2.231496
21.02.05,2.237322
18.02.05,2.226838
17.02.05,2.219426
16.02.05,2.201119
15.02.05,2.204289
14.02.05,2.193053
11.02.05,2.179056
10.02.05,2.181324
09.02.05,2.196484
08.02.05,2.21843
07.02.05,2.200515
04.02.05,2.193969
03.02.05,2.210693
02.02.05,2.192832
01.02.05,2.180269
31.01.05,2.188622
28.01.05,2.182772
27.01.05,2.204153
26.01.05,2.183268
25.01.05,2.168878
24.01.05,2.176315
21.01.05,2.193425
20.01.05,2.199972
19.01.05,2.182498
18.01.05,2.189711
17.01.05,2.176681
14.01.05,2.185829
13.01.05,2.174735
12.01.05,2.206971
11.01.05,2.204538
10.01.05,2.179831
07.01.05,2.187889
06.01.05,2.207488
05.01.05,2.248179
04.01.05,2.231982
03.01.05,2.239782
31.12.04,2.243356
30.12.04,2.252622
29.12.04,2.260297
28.12.04,2.228311
27.12.04,2.224398
24.12.04,2.205452
23.12.04,2.214698
22.12.04,2.237599
21.12.04,2.241607
20.12.04,2.191807
17.12.04,2.209851
16.12.04,2.184339
15.12.04,2.152769
14.12.04,2.158536
13.12.04,2.152547
10.12.04,2.156628
09.12.04,2.140924
08.12.04,2.157474
07.12.04,2.138361
06.12.04,2.142027
03.12.04,2.181088
02.12.04,2.196627
01.12.04,2.160345
30.11.04,2.179836
29.11.04,2.198363
26.11.04,2.173503
25.11.04,2.179165
24.11.04,2.201311
23.11.04,2.221681
22.11.04,2.222906
19.11.04,2.236649
18.11.04,2.246484
17.11.04,2.225473
16.11.04,2.223894
15.11.04,2.203326
12.11.04,2.204732
11.11.04,2.211799
10.11.04,2.23557
09.11.04,2.246411
08.11.04,2.175844
05.11.04,2.183667
04.11.04,2.192017
03.11.04,2.198835
02.11.04,2.218079
01.11.04,2.198297
29.10.04,2.217861
28.10.04,2.219596
27.10.04,2.176091
26.10.04,2.167807
25.10.04,2.167158
22.10.04,2.191096
21.10.04,2.18054
20.10.04,2.172542
19.10.04,2.193978
18.10.04,2.184427
15.10.04,2.182802
14.10.04,2.206728
13.10.04,2.222985
12.10.04,2.207868
11.10.04,2.231585
08.10.04,2.227286
07.10.04,2.277637
06.10.04,2.279477
05.10.04,2.280236
04.10.04,2.293546
01.10.04,2.276508
30.09.04,2.281661
29.09.04,2.291128
28.09.04,2.265591
27.09.04,2.268372
24.09.04,2.281093
23.09.04,2.24383
22.09.04,2.291219
21.09.04,2.291793
20.09.04,2.281191
17.09.04,2.281755
16.09.04,2.308354
15.09.04,2.297686
14.09.04,2.29586
13.09.04,2.307186
10.09.04,2.271566
09.09.04,2.308988
08.09.04,2.346666
07.09.04,2.328891
06.09.04,2.298838